"pill family","route","file path","line","pill visible text","origin of visible text","tooltip text","origin of tooltip text","condition shown","resource type","schema property","schema name","schema description","schema description source","value kind","retrieved","notes"
"access badge","/resources","src/components/badges/components/ConditionsOfAccess.tsx","26","Open Access","transformConditionsOfAccessLabel() in src/utils/formatting/formatConditionsOfAccess.ts","The resource is freely available without access restrictions.","getConditionsOfAccessTooltip() in src/utils/formatting/formatConditionsOfAccess.ts","conditionsOfAccess === 'Open'","(not type-dependent)","conditionsOfAccess","Conditions Of Access","[Dataset, ComputationalTool] Conditions that affect the availability of, or method(s) of access to, the work. Options include open (freely available), restricted (may include restrictions such as on use), closed (requires registration to access), or embargoed (unpublished). | [ResourceCatalog] Conditions that affect the availability of, or method(s) of access to, the work. Options include open (freely available), restricted (may include restrictions such as on use), closed (requires registration to access), embargoed (unpublished), varied (access varies by record), unknown (conditions of access information was not found). | [Sample] Conditions that affect the availability of, or method(s) of access to, the sample. Options include open (freely available), restricted (may include restrictions such as on use), closed (requires registration to access), or embargoed (unpublished). | [DataCollection] Conditions that affect the availability of, or method(s) of access to the source records included in the data collection. Options include open (freely available), restricted (may include restrictions such as on use), closed (requires registration to access), or embargoed (unpublished).","varies by type (4 wordings)","literal","",""
"access badge","/search","src/components/badges/components/ConditionsOfAccess.tsx","26","Open Access","transformConditionsOfAccessLabel() in src/utils/formatting/formatConditionsOfAccess.ts","The resource is freely available without access restrictions.","getConditionsOfAccessTooltip() in src/utils/formatting/formatConditionsOfAccess.ts","conditionsOfAccess === 'Open'","(not type-dependent)","conditionsOfAccess","Conditions Of Access","[Dataset, ComputationalTool] Conditions that affect the availability of, or method(s) of access to, the work. Options include open (freely available), restricted (may include restrictions such as on use), closed (requires registration to access), or embargoed (unpublished). | [ResourceCatalog] Conditions that affect the availability of, or method(s) of access to, the work. Options include open (freely available), restricted (may include restrictions such as on use), closed (requires registration to access), embargoed (unpublished), varied (access varies by record), unknown (conditions of access information was not found). | [Sample] Conditions that affect the availability of, or method(s) of access to, the sample. Options include open (freely available), restricted (may include restrictions such as on use), closed (requires registration to access), or embargoed (unpublished). | [DataCollection] Conditions that affect the availability of, or method(s) of access to the source records included in the data collection. Options include open (freely available), restricted (may include restrictions such as on use), closed (requires registration to access), or embargoed (unpublished).","varies by type (4 wordings)","literal","",""
"access badge","/resources","src/components/badges/components/ConditionsOfAccess.tsx","26","Controlled Access","transformConditionsOfAccessLabel() in src/utils/formatting/formatConditionsOfAccess.ts","The resource may have conditions that limit access.","getConditionsOfAccessTooltip() in src/utils/formatting/formatConditionsOfAccess.ts","conditionsOfAccess === 'Controlled'","(not type-dependent)","conditionsOfAccess","Conditions Of Access","[Dataset, ComputationalTool] Conditions that affect the availability of, or method(s) of access to, the work. Options include open (freely available), restricted (may include restrictions such as on use), closed (requires registration to access), or embargoed (unpublished). | [ResourceCatalog] Conditions that affect the availability of, or method(s) of access to, the work. Options include open (freely available), restricted (may include restrictions such as on use), closed (requires registration to access), embargoed (unpublished), varied (access varies by record), unknown (conditions of access information was not found). | [Sample] Conditions that affect the availability of, or method(s) of access to, the sample. Options include open (freely available), restricted (may include restrictions such as on use), closed (requires registration to access), or embargoed (unpublished). | [DataCollection] Conditions that affect the availability of, or method(s) of access to the source records included in the data collection. Options include open (freely available), restricted (may include restrictions such as on use), closed (requires registration to access), or embargoed (unpublished).","varies by type (4 wordings)","literal","","displayed value for source data of ""Restricted"""
"access badge","/search","src/components/badges/components/ConditionsOfAccess.tsx","26","Controlled Access","transformConditionsOfAccessLabel() in src/utils/formatting/formatConditionsOfAccess.ts","The resource may have conditions that limit access.","getConditionsOfAccessTooltip() in src/utils/formatting/formatConditionsOfAccess.ts","conditionsOfAccess === 'Controlled'","(not type-dependent)","conditionsOfAccess","Conditions Of Access","[Dataset, ComputationalTool] Conditions that affect the availability of, or method(s) of access to, the work. Options include open (freely available), restricted (may include restrictions such as on use), closed (requires registration to access), or embargoed (unpublished). | [ResourceCatalog] Conditions that affect the availability of, or method(s) of access to, the work. Options include open (freely available), restricted (may include restrictions such as on use), closed (requires registration to access), embargoed (unpublished), varied (access varies by record), unknown (conditions of access information was not found). | [Sample] Conditions that affect the availability of, or method(s) of access to, the sample. Options include open (freely available), restricted (may include restrictions such as on use), closed (requires registration to access), or embargoed (unpublished). | [DataCollection] Conditions that affect the availability of, or method(s) of access to the source records included in the data collection. Options include open (freely available), restricted (may include restrictions such as on use), closed (requires registration to access), or embargoed (unpublished).","varies by type (4 wordings)","literal","","displayed value for source data of ""Restricted"""
"access badge","/resources","src/components/badges/components/ConditionsOfAccess.tsx","26","Registered Access","transformConditionsOfAccessLabel() in src/utils/formatting/formatConditionsOfAccess.ts","The resource requires registration or authorization to access.","getConditionsOfAccessTooltip() in src/utils/formatting/formatConditionsOfAccess.ts","conditionsOfAccess === 'Registered'","(not type-dependent)","conditionsOfAccess","Conditions Of Access","[Dataset, ComputationalTool] Conditions that affect the availability of, or method(s) of access to, the work. Options include open (freely available), restricted (may include restrictions such as on use), closed (requires registration to access), or embargoed (unpublished). | [ResourceCatalog] Conditions that affect the availability of, or method(s) of access to, the work. Options include open (freely available), restricted (may include restrictions such as on use), closed (requires registration to access), embargoed (unpublished), varied (access varies by record), unknown (conditions of access information was not found). | [Sample] Conditions that affect the availability of, or method(s) of access to, the sample. Options include open (freely available), restricted (may include restrictions such as on use), closed (requires registration to access), or embargoed (unpublished). | [DataCollection] Conditions that affect the availability of, or method(s) of access to the source records included in the data collection. Options include open (freely available), restricted (may include restrictions such as on use), closed (requires registration to access), or embargoed (unpublished).","varies by type (4 wordings)","literal","","displayed value for source data of ""Closed"""
"access badge","/search","src/components/badges/components/ConditionsOfAccess.tsx","26","Registered Access","transformConditionsOfAccessLabel() in src/utils/formatting/formatConditionsOfAccess.ts","The resource requires registration or authorization to access.","getConditionsOfAccessTooltip() in src/utils/formatting/formatConditionsOfAccess.ts","conditionsOfAccess === 'Registered'","(not type-dependent)","conditionsOfAccess","Conditions Of Access","[Dataset, ComputationalTool] Conditions that affect the availability of, or method(s) of access to, the work. Options include open (freely available), restricted (may include restrictions such as on use), closed (requires registration to access), or embargoed (unpublished). | [ResourceCatalog] Conditions that affect the availability of, or method(s) of access to, the work. Options include open (freely available), restricted (may include restrictions such as on use), closed (requires registration to access), embargoed (unpublished), varied (access varies by record), unknown (conditions of access information was not found). | [Sample] Conditions that affect the availability of, or method(s) of access to, the sample. Options include open (freely available), restricted (may include restrictions such as on use), closed (requires registration to access), or embargoed (unpublished). | [DataCollection] Conditions that affect the availability of, or method(s) of access to the source records included in the data collection. Options include open (freely available), restricted (may include restrictions such as on use), closed (requires registration to access), or embargoed (unpublished).","varies by type (4 wordings)","literal","","displayed value for source data of ""Closed"""
"access badge","/resources","src/components/badges/components/ConditionsOfAccess.tsx","26","Embargoed Access","transformConditionsOfAccessLabel() in src/utils/formatting/formatConditionsOfAccess.ts","Public access is restricted until publication.","getConditionsOfAccessTooltip() in src/utils/formatting/formatConditionsOfAccess.ts","conditionsOfAccess === 'Embargoed'","(not type-dependent)","conditionsOfAccess","Conditions Of Access","[Dataset, ComputationalTool] Conditions that affect the availability of, or method(s) of access to, the work. Options include open (freely available), restricted (may include restrictions such as on use), closed (requires registration to access), or embargoed (unpublished). | [ResourceCatalog] Conditions that affect the availability of, or method(s) of access to, the work. Options include open (freely available), restricted (may include restrictions such as on use), closed (requires registration to access), embargoed (unpublished), varied (access varies by record), unknown (conditions of access information was not found). | [Sample] Conditions that affect the availability of, or method(s) of access to, the sample. Options include open (freely available), restricted (may include restrictions such as on use), closed (requires registration to access), or embargoed (unpublished). | [DataCollection] Conditions that affect the availability of, or method(s) of access to the source records included in the data collection. Options include open (freely available), restricted (may include restrictions such as on use), closed (requires registration to access), or embargoed (unpublished).","varies by type (4 wordings)","literal","",""
"access badge","/search","src/components/badges/components/ConditionsOfAccess.tsx","26","Embargoed Access","transformConditionsOfAccessLabel() in src/utils/formatting/formatConditionsOfAccess.ts","Public access is restricted until publication.","getConditionsOfAccessTooltip() in src/utils/formatting/formatConditionsOfAccess.ts","conditionsOfAccess === 'Embargoed'","(not type-dependent)","conditionsOfAccess","Conditions Of Access","[Dataset, ComputationalTool] Conditions that affect the availability of, or method(s) of access to, the work. Options include open (freely available), restricted (may include restrictions such as on use), closed (requires registration to access), or embargoed (unpublished). | [ResourceCatalog] Conditions that affect the availability of, or method(s) of access to, the work. Options include open (freely available), restricted (may include restrictions such as on use), closed (requires registration to access), embargoed (unpublished), varied (access varies by record), unknown (conditions of access information was not found). | [Sample] Conditions that affect the availability of, or method(s) of access to, the sample. Options include open (freely available), restricted (may include restrictions such as on use), closed (requires registration to access), or embargoed (unpublished). | [DataCollection] Conditions that affect the availability of, or method(s) of access to the source records included in the data collection. Options include open (freely available), restricted (may include restrictions such as on use), closed (requires registration to access), or embargoed (unpublished).","varies by type (4 wordings)","literal","",""
"access badge","/resources","src/components/badges/components/ConditionsOfAccess.tsx","26","Varied Access","transformConditionsOfAccessLabel() in src/utils/formatting/formatConditionsOfAccess.ts","Access to the resource varies by record.","getConditionsOfAccessTooltip() in src/utils/formatting/formatConditionsOfAccess.ts","conditionsOfAccess === 'Varied'","(not type-dependent)","conditionsOfAccess","Conditions Of Access","[Dataset, ComputationalTool] Conditions that affect the availability of, or method(s) of access to, the work. Options include open (freely available), restricted (may include restrictions such as on use), closed (requires registration to access), or embargoed (unpublished). | [ResourceCatalog] Conditions that affect the availability of, or method(s) of access to, the work. Options include open (freely available), restricted (may include restrictions such as on use), closed (requires registration to access), embargoed (unpublished), varied (access varies by record), unknown (conditions of access information was not found). | [Sample] Conditions that affect the availability of, or method(s) of access to, the sample. Options include open (freely available), restricted (may include restrictions such as on use), closed (requires registration to access), or embargoed (unpublished). | [DataCollection] Conditions that affect the availability of, or method(s) of access to the source records included in the data collection. Options include open (freely available), restricted (may include restrictions such as on use), closed (requires registration to access), or embargoed (unpublished).","varies by type (4 wordings)","literal","",""
"access badge","/search","src/components/badges/components/ConditionsOfAccess.tsx","26","Varied Access","transformConditionsOfAccessLabel() in src/utils/formatting/formatConditionsOfAccess.ts","Access to the resource varies by record.","getConditionsOfAccessTooltip() in src/utils/formatting/formatConditionsOfAccess.ts","conditionsOfAccess === 'Varied'","(not type-dependent)","conditionsOfAccess","Conditions Of Access","[Dataset, ComputationalTool] Conditions that affect the availability of, or method(s) of access to, the work. Options include open (freely available), restricted (may include restrictions such as on use), closed (requires registration to access), or embargoed (unpublished). | [ResourceCatalog] Conditions that affect the availability of, or method(s) of access to, the work. Options include open (freely available), restricted (may include restrictions such as on use), closed (requires registration to access), embargoed (unpublished), varied (access varies by record), unknown (conditions of access information was not found). | [Sample] Conditions that affect the availability of, or method(s) of access to, the sample. Options include open (freely available), restricted (may include restrictions such as on use), closed (requires registration to access), or embargoed (unpublished). | [DataCollection] Conditions that affect the availability of, or method(s) of access to the source records included in the data collection. Options include open (freely available), restricted (may include restrictions such as on use), closed (requires registration to access), or embargoed (unpublished).","varies by type (4 wordings)","literal","",""
"access badge","/resources","src/components/badges/components/ConditionsOfAccess.tsx","26","Unknown Access","transformConditionsOfAccessLabel() in src/utils/formatting/formatConditionsOfAccess.ts","Conditions of access information was not found.","getConditionsOfAccessTooltip() in src/utils/formatting/formatConditionsOfAccess.ts","conditionsOfAccess === 'Unknown'","(not type-dependent)","conditionsOfAccess","Conditions Of Access","[Dataset, ComputationalTool] Conditions that affect the availability of, or method(s) of access to, the work. Options include open (freely available), restricted (may include restrictions such as on use), closed (requires registration to access), or embargoed (unpublished). | [ResourceCatalog] Conditions that affect the availability of, or method(s) of access to, the work. Options include open (freely available), restricted (may include restrictions such as on use), closed (requires registration to access), embargoed (unpublished), varied (access varies by record), unknown (conditions of access information was not found). | [Sample] Conditions that affect the availability of, or method(s) of access to, the sample. Options include open (freely available), restricted (may include restrictions such as on use), closed (requires registration to access), or embargoed (unpublished). | [DataCollection] Conditions that affect the availability of, or method(s) of access to the source records included in the data collection. Options include open (freely available), restricted (may include restrictions such as on use), closed (requires registration to access), or embargoed (unpublished).","varies by type (4 wordings)","literal","",""
"access badge","/search","src/components/badges/components/ConditionsOfAccess.tsx","26","Unknown Access","transformConditionsOfAccessLabel() in src/utils/formatting/formatConditionsOfAccess.ts","Conditions of access information was not found.","getConditionsOfAccessTooltip() in src/utils/formatting/formatConditionsOfAccess.ts","conditionsOfAccess === 'Unknown'","(not type-dependent)","conditionsOfAccess","Conditions Of Access","[Dataset, ComputationalTool] Conditions that affect the availability of, or method(s) of access to, the work. Options include open (freely available), restricted (may include restrictions such as on use), closed (requires registration to access), or embargoed (unpublished). | [ResourceCatalog] Conditions that affect the availability of, or method(s) of access to, the work. Options include open (freely available), restricted (may include restrictions such as on use), closed (requires registration to access), embargoed (unpublished), varied (access varies by record), unknown (conditions of access information was not found). | [Sample] Conditions that affect the availability of, or method(s) of access to, the sample. Options include open (freely available), restricted (may include restrictions such as on use), closed (requires registration to access), or embargoed (unpublished). | [DataCollection] Conditions that affect the availability of, or method(s) of access to the source records included in the data collection. Options include open (freely available), restricted (may include restrictions such as on use), closed (requires registration to access), or embargoed (unpublished).","varies by type (4 wordings)","literal","",""
"access badge","/resources","src/components/badges/components/ConditionsOfAccess.tsx","26","Restricted Access","transformConditionsOfAccessLabel() in src/utils/formatting/formatConditionsOfAccess.ts","The resource may have conditions that limit access.","getConditionsOfAccessTooltip() in src/utils/formatting/formatConditionsOfAccess.ts","conditionsOfAccess === 'Restricted'","(not type-dependent)","conditionsOfAccess","Conditions Of Access","[Dataset, ComputationalTool] Conditions that affect the availability of, or method(s) of access to, the work. Options include open (freely available), restricted (may include restrictions such as on use), closed (requires registration to access), or embargoed (unpublished). | [ResourceCatalog] Conditions that affect the availability of, or method(s) of access to, the work. Options include open (freely available), restricted (may include restrictions such as on use), closed (requires registration to access), embargoed (unpublished), varied (access varies by record), unknown (conditions of access information was not found). | [Sample] Conditions that affect the availability of, or method(s) of access to, the sample. Options include open (freely available), restricted (may include restrictions such as on use), closed (requires registration to access), or embargoed (unpublished). | [DataCollection] Conditions that affect the availability of, or method(s) of access to the source records included in the data collection. Options include open (freely available), restricted (may include restrictions such as on use), closed (requires registration to access), or embargoed (unpublished).","varies by type (4 wordings)","literal","","remapped to ""Controlled"" before display, so this label is unlikely to render"
"access badge","/search","src/components/badges/components/ConditionsOfAccess.tsx","26","Restricted Access","transformConditionsOfAccessLabel() in src/utils/formatting/formatConditionsOfAccess.ts","The resource may have conditions that limit access.","getConditionsOfAccessTooltip() in src/utils/formatting/formatConditionsOfAccess.ts","conditionsOfAccess === 'Restricted'","(not type-dependent)","conditionsOfAccess","Conditions Of Access","[Dataset, ComputationalTool] Conditions that affect the availability of, or method(s) of access to, the work. Options include open (freely available), restricted (may include restrictions such as on use), closed (requires registration to access), or embargoed (unpublished). | [ResourceCatalog] Conditions that affect the availability of, or method(s) of access to, the work. Options include open (freely available), restricted (may include restrictions such as on use), closed (requires registration to access), embargoed (unpublished), varied (access varies by record), unknown (conditions of access information was not found). | [Sample] Conditions that affect the availability of, or method(s) of access to, the sample. Options include open (freely available), restricted (may include restrictions such as on use), closed (requires registration to access), or embargoed (unpublished). | [DataCollection] Conditions that affect the availability of, or method(s) of access to the source records included in the data collection. Options include open (freely available), restricted (may include restrictions such as on use), closed (requires registration to access), or embargoed (unpublished).","varies by type (4 wordings)","literal","","remapped to ""Controlled"" before display, so this label is unlikely to render"
"access badge","/resources","src/components/badges/components/AccessibleForFree.tsx","21","No Cost Access","hardcoded in src/components/badges/components/AccessibleForFree.tsx","The resource is accessible for free.","hardcoded in src/components/badges/components/AccessibleForFree.tsx","isAccessibleForFree === true","(not type-dependent)","isAccessibleForFree","Is Accessible For Free","[Dataset, ComputationalTool, ResourceCatalog] A flag to signal that the work is accessible for free. | [Sample] A flag to signal that the sample may be requested at no cost (not including shipping). | [DataCollection] A flag to signal that the items included in the data collection are accessible for free.","varies by type (3 wordings)","literal","",""
"access badge","/search","src/components/badges/components/AccessibleForFree.tsx","21","No Cost Access","hardcoded in src/components/badges/components/AccessibleForFree.tsx","The resource is accessible for free.","hardcoded in src/components/badges/components/AccessibleForFree.tsx","isAccessibleForFree === true","(not type-dependent)","isAccessibleForFree","Is Accessible For Free","[Dataset, ComputationalTool, ResourceCatalog] A flag to signal that the work is accessible for free. | [Sample] A flag to signal that the sample may be requested at no cost (not including shipping). | [DataCollection] A flag to signal that the items included in the data collection are accessible for free.","varies by type (3 wordings)","literal","",""
"access badge","/resources","src/components/badges/components/AccessibleForFree.tsx","21","Paid  Access","hardcoded in src/components/badges/components/AccessibleForFree.tsx","The resource is not accessible for free.","hardcoded in src/components/badges/components/AccessibleForFree.tsx","isAccessibleForFree === false","(not type-dependent)","isAccessibleForFree","Is Accessible For Free","[Dataset, ComputationalTool, ResourceCatalog] A flag to signal that the work is accessible for free. | [Sample] A flag to signal that the sample may be requested at no cost (not including shipping). | [DataCollection] A flag to signal that the items included in the data collection are accessible for free.","varies by type (3 wordings)","literal","","DOUBLE SPACE between ""Paid"" and ""Access"" in the source"
"access badge","/search","src/components/badges/components/AccessibleForFree.tsx","21","Paid  Access","hardcoded in src/components/badges/components/AccessibleForFree.tsx","The resource is not accessible for free.","hardcoded in src/components/badges/components/AccessibleForFree.tsx","isAccessibleForFree === false","(not type-dependent)","isAccessibleForFree","Is Accessible For Free","[Dataset, ComputationalTool, ResourceCatalog] A flag to signal that the work is accessible for free. | [Sample] A flag to signal that the sample may be requested at no cost (not including shipping). | [DataCollection] A flag to signal that the items included in the data collection are accessible for free.","varies by type (3 wordings)","literal","","DOUBLE SPACE between ""Paid"" and ""Access"" in the source"
"access badge","/resources","src/components/badges/components/CreativeWorkStatus.tsx","26","Retired","hardcoded in src/components/badges/components/CreativeWorkStatus.tsx","The resource is no longer available.","hardcoded in src/components/badges/components/CreativeWorkStatus.tsx","creativeWorkStatus === 'Retired'","(not type-dependent)","creativeWorkStatus","Creative Work Status","[Dataset, DataCollection] The status of the Dataset. Expected to be one of the following values: Draft (The dataset is not yet ready), Active (The dataset is currently working and available), Retired (The dataset is no longer available). | [ComputationalTool] The status of the ComputationalTool. Expected to be one of the following values: Draft (The tool is under development), Active (The tool is currently working and available), Maintenance (The tool is temporarily unavailable for maintenance), Accepting Data (The tool is Active AND Accepting submissions), Not Accepting Data (The tool is Active but is NOT Accepting submissions), Retired (The tool is no longer being maintained). | [ResourceCatalog] The status of the ResourceCatalog. Expected to be one of the following values: Draft (The resources is under development), Active (The resource is currently working and available), Maintenance (The resource is temporarily unavailable for maintenance), Accepting Data (The resource is Active AND Accepting submissions), Not Accepting Data (The resource is Active but is NOT Accepting submissions), Retired (The resource is no longer available). | [Sample] The status of the Sample. Expected to be one of the following values: Bespoke (The sample is made-to-order), Available (The sample is currently available), Backordered (The sample is temporarily unavailable or out-of-stock), Retired (The sample is no longer available).","varies by type (4 wordings)","literal","","gated behind the SHOW_RETIRED_RESOURCE_CATALOG_UI feature flag; no other creativeWorkStatus value renders a badge"
"access badge","/search","src/components/badges/components/CreativeWorkStatus.tsx","26","Retired","hardcoded in src/components/badges/components/CreativeWorkStatus.tsx","The resource is no longer available.","hardcoded in src/components/badges/components/CreativeWorkStatus.tsx","creativeWorkStatus === 'Retired'","(not type-dependent)","creativeWorkStatus","Creative Work Status","[Dataset, DataCollection] The status of the Dataset. Expected to be one of the following values: Draft (The dataset is not yet ready), Active (The dataset is currently working and available), Retired (The dataset is no longer available). | [ComputationalTool] The status of the ComputationalTool. Expected to be one of the following values: Draft (The tool is under development), Active (The tool is currently working and available), Maintenance (The tool is temporarily unavailable for maintenance), Accepting Data (The tool is Active AND Accepting submissions), Not Accepting Data (The tool is Active but is NOT Accepting submissions), Retired (The tool is no longer being maintained). | [ResourceCatalog] The status of the ResourceCatalog. Expected to be one of the following values: Draft (The resources is under development), Active (The resource is currently working and available), Maintenance (The resource is temporarily unavailable for maintenance), Accepting Data (The resource is Active AND Accepting submissions), Not Accepting Data (The resource is Active but is NOT Accepting submissions), Retired (The resource is no longer available). | [Sample] The status of the Sample. Expected to be one of the following values: Bespoke (The sample is made-to-order), Available (The sample is currently available), Backordered (The sample is temporarily unavailable or out-of-stock), Retired (The sample is no longer available).","varies by type (4 wordings)","literal","","gated behind the SHOW_RETIRED_RESOURCE_CATALOG_UI feature flag; no other creativeWorkStatus value renders a badge"
"access badge","/resources","src/components/badges/components/HasAPI.tsx","19","API Available","hardcoded in src/components/badges/components/HasAPI.tsx","The resource supports programmatic access to data.","hardcoded in src/components/badges/components/HasAPI.tsx","hasAPI is truthy","(not type-dependent)","hasAPI","Has API","[ResourceCatalog] The resource has an API through which important content may be accessed.","ResourceCatalog only","literal","",""
"access badge","/search","src/components/badges/components/HasAPI.tsx","19","API Available","hardcoded in src/components/badges/components/HasAPI.tsx","The resource supports programmatic access to data.","hardcoded in src/components/badges/components/HasAPI.tsx","hasAPI is truthy","(not type-dependent)","hasAPI","Has API","[ResourceCatalog] The resource has an API through which important content may be accessed.","ResourceCatalog only","literal","",""
"access badge","/resources","src/components/badges/components/HasAPI.tsx","19","API Not Available","hardcoded in src/components/badges/components/HasAPI.tsx","The resource does not support programmatic access to data.","hardcoded in src/components/badges/components/HasAPI.tsx","hasAPI is falsy","(not type-dependent)","hasAPI","Has API","[ResourceCatalog] The resource has an API through which important content may be accessed.","ResourceCatalog only","literal","",""
"access badge","/search","src/components/badges/components/HasAPI.tsx","19","API Not Available","hardcoded in src/components/badges/components/HasAPI.tsx","The resource does not support programmatic access to data.","hardcoded in src/components/badges/components/HasAPI.tsx","hasAPI is falsy","(not type-dependent)","hasAPI","Has API","[ResourceCatalog] The resource has an API through which important content may be accessed.","ResourceCatalog only","literal","",""
"access badge","/resources","src/components/badges/components/HasDownload.tsx","57","Has Download: All content","hardcoded in src/components/badges/components/HasDownload.tsx prefix + the raw hasDownload value from the NDE API","The resource allows download of all content.","getTooltipLabel() in src/components/badges/components/HasDownload.tsx","hasDownload.toLowerCase() === 'all content'","(not type-dependent)","hasDownload","Has Download","[ResourceCatalog] The resource provides downloads of its contents. Options: All content (e.g. entire data builds, tools, etc.), Partial content (just data, or just tools, etc.), Record-level (individual records, or selections of records), Aggregate data (aggregations or analyses of the data are downloadable, but not the data itself), No downloads (information is viewable but not downloadable, users must resort to copy/paste, screenshots, etc.), Prohibited (downloading, copy/pasting, screenshotting the data is prohibited).","ResourceCatalog only","literal","","the only pill family with a prefix in its label; an unrecognised value yields an empty tooltip"
"access badge","/resources","src/components/badges/components/HasDownload.tsx","57","Has Download: Partial content","hardcoded in src/components/badges/components/HasDownload.tsx prefix + the raw hasDownload value from the NDE API","The resource allows download of part of the content.","getTooltipLabel() in src/components/badges/components/HasDownload.tsx","hasDownload.toLowerCase() === 'partial content'","(not type-dependent)","hasDownload","Has Download","[ResourceCatalog] The resource provides downloads of its contents. Options: All content (e.g. entire data builds, tools, etc.), Partial content (just data, or just tools, etc.), Record-level (individual records, or selections of records), Aggregate data (aggregations or analyses of the data are downloadable, but not the data itself), No downloads (information is viewable but not downloadable, users must resort to copy/paste, screenshots, etc.), Prohibited (downloading, copy/pasting, screenshotting the data is prohibited).","ResourceCatalog only","literal","","the only pill family with a prefix in its label; an unrecognised value yields an empty tooltip"
"access badge","/resources","src/components/badges/components/HasDownload.tsx","57","Has Download: Record-level","hardcoded in src/components/badges/components/HasDownload.tsx prefix + the raw hasDownload value from the NDE API","The resource allows download of individual records, or selections of records.","getTooltipLabel() in src/components/badges/components/HasDownload.tsx","hasDownload.toLowerCase() === 'record-level'","(not type-dependent)","hasDownload","Has Download","[ResourceCatalog] The resource provides downloads of its contents. Options: All content (e.g. entire data builds, tools, etc.), Partial content (just data, or just tools, etc.), Record-level (individual records, or selections of records), Aggregate data (aggregations or analyses of the data are downloadable, but not the data itself), No downloads (information is viewable but not downloadable, users must resort to copy/paste, screenshots, etc.), Prohibited (downloading, copy/pasting, screenshotting the data is prohibited).","ResourceCatalog only","literal","","the only pill family with a prefix in its label; an unrecognised value yields an empty tooltip"
"access badge","/resources","src/components/badges/components/HasDownload.tsx","57","Has Download: No downloads","hardcoded in src/components/badges/components/HasDownload.tsx prefix + the raw hasDownload value from the NDE API","Content is not downloadable.","getTooltipLabel() in src/components/badges/components/HasDownload.tsx","hasDownload.toLowerCase() === 'no downloads'","(not type-dependent)","hasDownload","Has Download","[ResourceCatalog] The resource provides downloads of its contents. Options: All content (e.g. entire data builds, tools, etc.), Partial content (just data, or just tools, etc.), Record-level (individual records, or selections of records), Aggregate data (aggregations or analyses of the data are downloadable, but not the data itself), No downloads (information is viewable but not downloadable, users must resort to copy/paste, screenshots, etc.), Prohibited (downloading, copy/pasting, screenshotting the data is prohibited).","ResourceCatalog only","literal","","the only pill family with a prefix in its label; an unrecognised value yields an empty tooltip"
"accordion property","/search","src/views/search/components/results-list/components/card/metadata-accordion/index.tsx","158","Funding","hardcoded label: in src/components/metadata/helpers.ts, wired to 'funding' by the switch in generateMetadataContent","Funding that supports (sponsors) the collection of this dataset through some kind of financial contribution.","configs/schema-definitions.json - description[type] || abstract[type] || description['Dataset']","the record has funding data and @type is Dataset, Sample","Dataset, Sample","funding","Funding","Funding that supports (sponsors) the collection of this dataset through some kind of financial contribution.","description[type]","resolved","","wording varies by resource type (4 distinct)"
"accordion property","/search","src/views/search/components/results-list/components/card/metadata-accordion/index.tsx","158","Funding","hardcoded label: in src/components/metadata/helpers.ts, wired to 'funding' by the switch in generateMetadataContent","Funding that supports (sponsors) the development of this computational tool through some kind of financial contribution.","configs/schema-definitions.json - description[type] || abstract[type] || description['Dataset']","the record has funding data and @type is ComputationalTool","ComputationalTool","funding","Funding","Funding that supports (sponsors) the development of this computational tool through some kind of financial contribution.","description[type]","resolved","","wording varies by resource type (4 distinct)"
"accordion property","/search","src/views/search/components/results-list/components/card/metadata-accordion/index.tsx","158","Funding","hardcoded label: in src/components/metadata/helpers.ts, wired to 'funding' by the switch in generateMetadataContent","Funding that supports (sponsors) the creation or maintenance of the resource catalog through some kind of financial contribution.","configs/schema-definitions.json - description[type] || abstract[type] || description['Dataset']","the record has funding data and @type is ResourceCatalog","ResourceCatalog","funding","Funding","Funding that supports (sponsors) the creation or maintenance of the resource catalog through some kind of financial contribution.","description[type]","resolved","","wording varies by resource type (4 distinct)"
"accordion property","/search","src/views/search/components/results-list/components/card/metadata-accordion/index.tsx","158","Funding","hardcoded label: in src/components/metadata/helpers.ts, wired to 'funding' by the switch in generateMetadataContent","Funding that supports (sponsors) the creation of the records included in the data collection through some kind of financial contribution.","configs/schema-definitions.json - description[type] || abstract[type] || description['Dataset']","the record has funding data and @type is DataCollection","DataCollection","funding","Funding","Funding that supports (sponsors) the creation of the records included in the data collection through some kind of financial contribution.","description[type]","resolved","","wording varies by resource type (4 distinct)"
"accordion property","/search","src/views/search/components/results-list/components/card/metadata-accordion/index.tsx","158","Funding","hardcoded label: in src/components/metadata/helpers.ts, wired to 'funding'","No funding data.","template at src/views/search/components/results-list/components/card/metadata-accordion/index.tsx:158","the record has NO funding data (isDisabled)","(not type-dependent)","funding","Funding","[Dataset, Sample] Funding that supports (sponsors) the collection of this dataset through some kind of financial contribution. | [ComputationalTool] Funding that supports (sponsors) the development of this computational tool through some kind of financial contribution. | [ResourceCatalog] Funding that supports (sponsors) the creation or maintenance of the resource catalog through some kind of financial contribution. | [DataCollection] Funding that supports (sponsors) the creation of the records included in the data collection through some kind of financial contribution.","varies by type (4 wordings)","literal","","empty state - the schema description is not shown"
"accordion property","/search","src/views/search/components/results-list/components/card/metadata-accordion/index.tsx","158","Health Condition","hardcoded label: in src/components/metadata/helpers.ts, wired to 'healthCondition' by the switch in generateMetadataContent","The health condition(s) /infectious disease(s) which are the focus of the work (like COVID-19, coronavirus).","configs/schema-definitions.json - description[type] || abstract[type] || description['Dataset']","the record has healthCondition data and @type is Dataset, ComputationalTool, ResourceCatalog, Sample","Dataset, ComputationalTool, ResourceCatalog, Sample","healthCondition","Health Condition","The health condition(s) /infectious disease(s) which are the focus of the work (like COVID-19, coronavirus).","description[type]","resolved","","wording varies by resource type (2 distinct)"
"accordion property","/search","src/views/search/components/results-list/components/card/metadata-accordion/index.tsx","158","Health Condition","hardcoded label: in src/components/metadata/helpers.ts, wired to 'healthCondition' by the switch in generateMetadataContent","The infectious disease(s) / health condition(s) which are the focus of the data collection.","configs/schema-definitions.json - description[type] || abstract[type] || description['Dataset']","the record has healthCondition data and @type is DataCollection","DataCollection","healthCondition","Health Condition","The infectious disease(s) / health condition(s) which are the focus of the data collection.","description[type]","resolved","","wording varies by resource type (2 distinct)"
"accordion property","/search","src/views/search/components/results-list/components/card/metadata-accordion/index.tsx","158","Health Condition","hardcoded label: in src/components/metadata/helpers.ts, wired to 'healthCondition'","No health condition data.","template at src/views/search/components/results-list/components/card/metadata-accordion/index.tsx:158","the record has NO healthCondition data (isDisabled)","(not type-dependent)","healthCondition","Health Condition","[Dataset, ComputationalTool, ResourceCatalog, Sample] The health condition(s) /infectious disease(s) which are the focus of the work (like COVID-19, coronavirus). | [DataCollection] The infectious disease(s) / health condition(s) which are the focus of the data collection.","varies by type (2 wordings)","literal","","empty state - the schema description is not shown"
"accordion property","/search","src/views/search/components/results-list/components/card/metadata-accordion/index.tsx","158","License","hardcoded label: in src/components/metadata/helpers.ts, wired to 'license' by the switch in generateMetadataContent","A license document that applies to this work, typically indicated by URL.","configs/schema-definitions.json - description[type] || abstract[type] || description['Dataset']","the record has license data and @type is Dataset, ComputationalTool, ResourceCatalog, Sample","Dataset, ComputationalTool, ResourceCatalog, Sample","license","License","A license document that applies to this work, typically indicated by URL.","description[type]","resolved","","wording varies by resource type (2 distinct)"
"accordion property","/search","src/views/search/components/results-list/components/card/metadata-accordion/index.tsx","158","License","hardcoded label: in src/components/metadata/helpers.ts, wired to 'license' by the switch in generateMetadataContent","A license document that applies to the source of the data collection, typically indicated by URL.","configs/schema-definitions.json - description[type] || abstract[type] || description['Dataset']","the record has license data and @type is DataCollection","DataCollection","license","License","A license document that applies to the source of the data collection, typically indicated by URL.","description[type]","resolved","","wording varies by resource type (2 distinct)"
"accordion property","/search","src/views/search/components/results-list/components/card/metadata-accordion/index.tsx","158","License","hardcoded label: in src/components/metadata/helpers.ts, wired to 'license'","No license data.","template at src/views/search/components/results-list/components/card/metadata-accordion/index.tsx:158","the record has NO license data (isDisabled)","(not type-dependent)","license","License","[Dataset, ComputationalTool, ResourceCatalog, Sample] A license document that applies to this work, typically indicated by URL. | [DataCollection] A license document that applies to the source of the data collection, typically indicated by URL.","varies by type (2 wordings)","literal","","empty state - the schema description is not shown"
"accordion property","/search","src/views/search/components/results-list/components/card/metadata-accordion/index.tsx","158","Measurement Technique","hardcoded label: in src/components/metadata/helpers.ts, wired to 'measurementTechnique' by the switch in generateMetadataContent","A technique or technology used in a  dataset corresponding to the method used for measuring the corresponding variable(s) (described using variableMeasured). For example, if variableMeasured is molecule concentration, measurementTechnique could be: ""mass spectrometry"" or ""nmr spectroscopy"" or ""colorimetry"" or ""immunofluorescence"".","configs/schema-definitions.json - description[type] || abstract[type] || description['Dataset']","the record has measurementTechnique data and @type is Dataset, ResourceCatalog","Dataset, ResourceCatalog","measurementTechnique","Measurement Technique","A technique or technology used in a  dataset corresponding to the method used for measuring the corresponding variable(s) (described using variableMeasured). For example, if variableMeasured is molecule concentration, measurementTechnique could be: ""mass spectrometry"" or ""nmr spectroscopy"" or ""colorimetry"" or ""immunofluorescence"".","description[type]","resolved","","wording varies by resource type (4 distinct)"
"accordion property","/search","src/views/search/components/results-list/components/card/metadata-accordion/index.tsx","158","Measurement Technique","hardcoded label: in src/components/metadata/helpers.ts, wired to 'measurementTechnique' by the switch in generateMetadataContent","A technique, method or technology used in an Observation, StatisticalVariable or Dataset (or DataDownload, DataCatalog), corresponding to the method used for measuring the corresponding variable(s) (for datasets, described using variableMeasured; for Observation, a StatisticalVariable). For example, if variableMeasured is: molecule concentration, measurementTechnique could be: ""mass spectrometry"" or ""nmr spectroscopy"" or ""colorimetry"" or ""immunofluorescence"". If the variableMeasured is ""depression rating"", the measurementTechnique could be ""Zung Scale"" or ""HAM-D"" or ""Beck Depression Inventory"".","configs/schema-definitions.json - description[type] || abstract[type] || description['Dataset']","the record has measurementTechnique data and @type is ComputationalTool","ComputationalTool","measurementTechnique","Measurement Technique","A technique, method or technology used in an Observation, StatisticalVariable or Dataset (or DataDownload, DataCatalog), corresponding to the method used for measuring the corresponding variable(s) (for datasets, described using variableMeasured; for Observation, a StatisticalVariable). For example, if variableMeasured is: molecule concentration, measurementTechnique could be: ""mass spectrometry"" or ""nmr spectroscopy"" or ""colorimetry"" or ""immunofluorescence"". If the variableMeasured is ""depression rating"", the measurementTechnique could be ""Zung Scale"" or ""HAM-D"" or ""Beck Depression Inventory"".","description[type]","resolved","","wording varies by resource type (4 distinct)"
"accordion property","/search","src/views/search/components/results-list/components/card/metadata-accordion/index.tsx","158","Measurement Technique","hardcoded label: in src/components/metadata/helpers.ts, wired to 'measurementTechnique' by the switch in generateMetadataContent","A technique or technology used in the collection or processing of the sample corresponding to the method used for measuring the corresponding variable(s) (described using variableMeasured). For example, if variableMeasured is cell density or cell counts, measurementTechnique could be:  ""centrifugation"" or ""flow cytometry"".","configs/schema-definitions.json - description[type] || abstract[type] || description['Dataset']","the record has measurementTechnique data and @type is Sample","Sample","measurementTechnique","Measurement Technique","A technique or technology used in the collection or processing of the sample corresponding to the method used for measuring the corresponding variable(s) (described using variableMeasured). For example, if variableMeasured is cell density or cell counts, measurementTechnique could be:  ""centrifugation"" or ""flow cytometry"".","description[type]","resolved","","wording varies by resource type (4 distinct)"
"accordion property","/search","src/views/search/components/results-list/components/card/metadata-accordion/index.tsx","158","Measurement Technique","hardcoded label: in src/components/metadata/helpers.ts, wired to 'measurementTechnique' by the switch in generateMetadataContent","A technique, method or technology used in the source data for the data collection corresponding to the method used for measuring the corresponding variable(s) (for the records in the data collection, described using variableMeasured; for Observation, a StatisticalVariable). For example, if variableMeasured is: molecule concentration, measurementTechnique could be: ""mass spectrometry"" or ""nmr spectroscopy"" or ""colorimetry"" or ""immunofluorescence"". If the variableMeasured is ""depression rating"", the measurementTechnique could be ""Zung Scale"" or ""HAM-D"" or ""Beck Depression Inventory"".","configs/schema-definitions.json - description[type] || abstract[type] || description['Dataset']","the record has measurementTechnique data and @type is DataCollection","DataCollection","measurementTechnique","Measurement Technique","A technique, method or technology used in the source data for the data collection corresponding to the method used for measuring the corresponding variable(s) (for the records in the data collection, described using variableMeasured; for Observation, a StatisticalVariable). For example, if variableMeasured is: molecule concentration, measurementTechnique could be: ""mass spectrometry"" or ""nmr spectroscopy"" or ""colorimetry"" or ""immunofluorescence"". If the variableMeasured is ""depression rating"", the measurementTechnique could be ""Zung Scale"" or ""HAM-D"" or ""Beck Depression Inventory"".","description[type]","resolved","","wording varies by resource type (4 distinct)"
"accordion property","/search","src/views/search/components/results-list/components/card/metadata-accordion/index.tsx","158","Measurement Technique","hardcoded label: in src/components/metadata/helpers.ts, wired to 'measurementTechnique'","No measurement technique data.","template at src/views/search/components/results-list/components/card/metadata-accordion/index.tsx:158","the record has NO measurementTechnique data (isDisabled)","(not type-dependent)","measurementTechnique","Measurement Technique","[Dataset, ResourceCatalog] A technique or technology used in a  dataset corresponding to the method used for measuring the corresponding variable(s) (described using variableMeasured). For example, if variableMeasured is molecule concentration, measurementTechnique could be: ""mass spectrometry"" or ""nmr spectroscopy"" or ""colorimetry"" or ""immunofluorescence"". | [ComputationalTool] A technique, method or technology used in an Observation, StatisticalVariable or Dataset (or DataDownload, DataCatalog), corresponding to the method used for measuring the corresponding variable(s) (for datasets, described using variableMeasured; for Observation, a StatisticalVariable). For example, if variableMeasured is: molecule concentration, measurementTechnique could be: ""mass spectrometry"" or ""nmr spectroscopy"" or ""colorimetry"" or ""immunofluorescence"". If the variableMeasured is ""depression rating"", the measurementTechnique could be ""Zung Scale"" or ""HAM-D"" or ""Beck Depression Inventory"". | [Sample] A technique or technology used in the collection or processing of the sample corresponding to the method used for measuring the corresponding variable(s) (described using variableMeasured). For example, if variableMeasured is cell density or cell counts, measurementTechnique could be:  ""centrifugation"" or ""flow cytometry"". | [DataCollection] A technique, method or technology used in the source data for the data collection corresponding to the method used for measuring the corresponding variable(s) (for the records in the data collection, described using variableMeasured; for Observation, a StatisticalVariable). For example, if variableMeasured is: molecule concentration, measurementTechnique could be: ""mass spectrometry"" or ""nmr spectroscopy"" or ""colorimetry"" or ""immunofluorescence"". If the variableMeasured is ""depression rating"", the measurementTechnique could be ""Zung Scale"" or ""HAM-D"" or ""Beck Depression Inventory"".","varies by type (4 wordings)","literal","","empty state - the schema description is not shown"
"accordion property","/search","src/views/search/components/results-list/components/card/metadata-accordion/index.tsx","158","Pathogen","hardcoded label: in src/components/metadata/helpers.ts, wired to 'infectiousAgent' by the switch in generateMetadataContent","Infectious agent(s) / pathogen(s) which are the focus of the work (like SARS-CoV-2).","configs/schema-definitions.json - description[type] || abstract[type] || description['Dataset']","the record has infectiousAgent data and @type is Dataset, ComputationalTool, ResourceCatalog, Sample","Dataset, ComputationalTool, ResourceCatalog, Sample","infectiousAgent","Pathogen Species","Infectious agent(s) / pathogen(s) which are the focus of the work (like SARS-CoV-2).","description[type]","resolved","","pill label differs from the schema name ""Pathogen Species""; wording varies by resource type (2 distinct)"
"accordion property","/search","src/views/search/components/results-list/components/card/metadata-accordion/index.tsx","158","Pathogen","hardcoded label: in src/components/metadata/helpers.ts, wired to 'infectiousAgent' by the switch in generateMetadataContent","Infectious agent(s) / pathogen(s) which are the focus of the data collection (like SARS-CoV-2).","configs/schema-definitions.json - description[type] || abstract[type] || description['Dataset']","the record has infectiousAgent data and @type is DataCollection","DataCollection","infectiousAgent","Pathogen Species","Infectious agent(s) / pathogen(s) which are the focus of the data collection (like SARS-CoV-2).","description[type]","resolved","","pill label differs from the schema name ""Pathogen Species""; wording varies by resource type (2 distinct)"
"accordion property","/search","src/views/search/components/results-list/components/card/metadata-accordion/index.tsx","158","Pathogen","hardcoded label: in src/components/metadata/helpers.ts, wired to 'infectiousAgent'","No pathogen data.","template at src/views/search/components/results-list/components/card/metadata-accordion/index.tsx:158","the record has NO infectiousAgent data (isDisabled)","(not type-dependent)","infectiousAgent","Pathogen Species","[Dataset, ComputationalTool, ResourceCatalog, Sample] Infectious agent(s) / pathogen(s) which are the focus of the work (like SARS-CoV-2). | [DataCollection] Infectious agent(s) / pathogen(s) which are the focus of the data collection (like SARS-CoV-2).","varies by type (2 wordings)","literal","","empty state - the schema description is not shown"
"accordion property","/search","src/views/search/components/results-list/components/card/metadata-accordion/index.tsx","158","Sample","hardcoded label: in src/components/metadata/helpers.ts, wired to 'sample' by the switch in generateMetadataContent","the samples used to generate the dataset","configs/schema-definitions.json - description[type] || abstract[type] || description['Dataset']","the record has sample data and @type is Dataset, ComputationalTool, ResourceCatalog, Sample","Dataset, ComputationalTool, ResourceCatalog, Sample","sample","Sample","the samples used to generate the dataset","description[type] + description['Dataset'] (fallback)","resolved","","resolved from the Dataset wording, not this type's own; wording varies by resource type (2 distinct)"
"accordion property","/search","src/views/search/components/results-list/components/card/metadata-accordion/index.tsx","158","Sample","hardcoded label: in src/components/metadata/helpers.ts, wired to 'sample' by the switch in generateMetadataContent","The sample(s) which were used to generate the records in the data collection","configs/schema-definitions.json - description[type] || abstract[type] || description['Dataset']","the record has sample data and @type is DataCollection","DataCollection","sample","Sample","The sample(s) which were used to generate the records in the data collection","description[type]","resolved","","wording varies by resource type (2 distinct)"
"accordion property","/search","src/views/search/components/results-list/components/card/metadata-accordion/index.tsx","158","Sample","hardcoded label: in src/components/metadata/helpers.ts, wired to 'sample'","No sample data.","template at src/views/search/components/results-list/components/card/metadata-accordion/index.tsx:158","the record has NO sample data (isDisabled)","(not type-dependent)","sample","Sample","[Dataset, ComputationalTool, ResourceCatalog, Sample] the samples used to generate the dataset | [DataCollection] The sample(s) which were used to generate the records in the data collection","varies by type (2 wordings)","literal","","empty state - the schema description is not shown"
"accordion property","/search","src/views/search/components/results-list/components/card/metadata-accordion/index.tsx","158","Species","hardcoded label: in src/components/metadata/helpers.ts, wired to 'species' by the switch in generateMetadataContent","Species / host organism from which the dataset has been collected.","configs/schema-definitions.json - description[type] || abstract[type] || description['Dataset']","the record has species data and @type is Dataset, ComputationalTool, ResourceCatalog, Sample","Dataset, ComputationalTool, ResourceCatalog, Sample","species","Species","Species / host organism from which the dataset has been collected.","description[type]","resolved","","wording varies by resource type (2 distinct)"
"accordion property","/search","src/views/search/components/results-list/components/card/metadata-accordion/index.tsx","158","Species","hardcoded label: in src/components/metadata/helpers.ts, wired to 'species' by the switch in generateMetadataContent","Species(es) / host organism from which records in the data collection have been collected, or is the focus of grouping of records in the data collection.","configs/schema-definitions.json - description[type] || abstract[type] || description['Dataset']","the record has species data and @type is DataCollection","DataCollection","species","Species","Species(es) / host organism from which records in the data collection have been collected, or is the focus of grouping of records in the data collection.","description[type]","resolved","","wording varies by resource type (2 distinct)"
"accordion property","/search","src/views/search/components/results-list/components/card/metadata-accordion/index.tsx","158","Species","hardcoded label: in src/components/metadata/helpers.ts, wired to 'species'","No species data.","template at src/views/search/components/results-list/components/card/metadata-accordion/index.tsx:158","the record has NO species data (isDisabled)","(not type-dependent)","species","Species","[Dataset, ComputationalTool, ResourceCatalog, Sample] Species / host organism from which the dataset has been collected. | [DataCollection] Species(es) / host organism from which records in the data collection have been collected, or is the focus of grouping of records in the data collection.","varies by type (2 wordings)","literal","","empty state - the schema description is not shown"
"accordion property","/search","src/views/search/components/results-list/components/card/metadata-accordion/index.tsx","158","Topic Category","hardcoded label: in src/components/metadata/helpers.ts, wired to 'topicCategory' by the switch in generateMetadataContent","Topic of the work. This topic may be assigned by a human curator or through automated algorithms.","configs/schema-definitions.json - description[type] || abstract[type] || description['Dataset']","the record has topicCategory data and @type is Dataset, ComputationalTool, ResourceCatalog, Sample","Dataset, ComputationalTool, ResourceCatalog, Sample","topicCategory","Topic Category","Topic of the work. This topic may be assigned by a human curator or through automated algorithms.","description[type]","resolved","","wording varies by resource type (2 distinct)"
"accordion property","/search","src/views/search/components/results-list/components/card/metadata-accordion/index.tsx","158","Topic Category","hardcoded label: in src/components/metadata/helpers.ts, wired to 'topicCategory' by the switch in generateMetadataContent","Topic of the records in the data collection. This topic may be assigned by a human curator or through automated algorithms.","configs/schema-definitions.json - description[type] || abstract[type] || description['Dataset']","the record has topicCategory data and @type is DataCollection","DataCollection","topicCategory","Topic Category","Topic of the records in the data collection. This topic may be assigned by a human curator or through automated algorithms.","description[type]","resolved","","wording varies by resource type (2 distinct)"
"accordion property","/search","src/views/search/components/results-list/components/card/metadata-accordion/index.tsx","158","Topic Category","hardcoded label: in src/components/metadata/helpers.ts, wired to 'topicCategory'","No topic category data.","template at src/views/search/components/results-list/components/card/metadata-accordion/index.tsx:158","the record has NO topicCategory data (isDisabled)","(not type-dependent)","topicCategory","Topic Category","[Dataset, ComputationalTool, ResourceCatalog, Sample] Topic of the work. This topic may be assigned by a human curator or through automated algorithms. | [DataCollection] Topic of the records in the data collection. This topic may be assigned by a human curator or through automated algorithms.","varies by type (2 wordings)","literal","","empty state - the schema description is not shown"
"accordion property","/search","src/views/search/components/results-list/components/card/metadata-accordion/index.tsx","158","Usage Info","hardcoded label: in src/components/metadata/helpers.ts, wired to 'usageInfo' by the switch in generateMetadataContent","Data usage agreement, specifying the terms under which the dataset can be used. Note that this is related to but distinct from the license.","configs/schema-definitions.json - description[type] || abstract[type] || description['Dataset']","the record has usageInfo data and @type is Dataset, ComputationalTool","Dataset, ComputationalTool","usageInfo","Usage Info","Data usage agreement, specifying the terms under which the dataset can be used. Note that this is related to but distinct from the license.","description[type] + description['Dataset'] (fallback)","resolved","","resolved from the Dataset wording, not this type's own; wording varies by resource type (4 distinct)"
"accordion property","/search","src/views/search/components/results-list/components/card/metadata-accordion/index.tsx","158","Usage Info","hardcoded label: in src/components/metadata/helpers.ts, wired to 'usageInfo' by the switch in generateMetadataContent","Data usage agreement, specifying the terms under which the content from the resource catalog can be used. Note that this is related to but distinct from the license.","configs/schema-definitions.json - description[type] || abstract[type] || description['Dataset']","the record has usageInfo data and @type is ResourceCatalog","ResourceCatalog","usageInfo","Usage Info","Data usage agreement, specifying the terms under which the content from the resource catalog can be used. Note that this is related to but distinct from the license.","description[type]","resolved","","wording varies by resource type (4 distinct)"
"accordion property","/search","src/views/search/components/results-list/components/card/metadata-accordion/index.tsx","158","Usage Info","hardcoded label: in src/components/metadata/helpers.ts, wired to 'usageInfo' by the switch in generateMetadataContent","The terms under which the sample can be used. Note that this is related to but distinct from the license.","configs/schema-definitions.json - description[type] || abstract[type] || description['Dataset']","the record has usageInfo data and @type is Sample","Sample","usageInfo","Usage Info","The terms under which the sample can be used. Note that this is related to but distinct from the license.","description[type]","resolved","","wording varies by resource type (4 distinct)"
"accordion property","/search","src/views/search/components/results-list/components/card/metadata-accordion/index.tsx","158","Usage Info","hardcoded label: in src/components/metadata/helpers.ts, wired to 'usageInfo' by the switch in generateMetadataContent","Data usage agreement for the records included in the data collection, the terms under which the underlying records in the data collection can be used. Information on how the data collection can be used. Note that this is related to but distinct from the license.","configs/schema-definitions.json - description[type] || abstract[type] || description['Dataset']","the record has usageInfo data and @type is DataCollection","DataCollection","usageInfo","Usage Info","Data usage agreement for the records included in the data collection, the terms under which the underlying records in the data collection can be used. Information on how the data collection can be used. Note that this is related to but distinct from the license.","description[type]","resolved","","wording varies by resource type (4 distinct)"
"accordion property","/search","src/views/search/components/results-list/components/card/metadata-accordion/index.tsx","158","Usage Info","hardcoded label: in src/components/metadata/helpers.ts, wired to 'usageInfo'","No usage info data.","template at src/views/search/components/results-list/components/card/metadata-accordion/index.tsx:158","the record has NO usageInfo data (isDisabled)","(not type-dependent)","usageInfo","Usage Info","[Dataset, ComputationalTool] Data usage agreement, specifying the terms under which the dataset can be used. Note that this is related to but distinct from the license. | [ResourceCatalog] Data usage agreement, specifying the terms under which the content from the resource catalog can be used. Note that this is related to but distinct from the license. | [Sample] The terms under which the sample can be used. Note that this is related to but distinct from the license. | [DataCollection] Data usage agreement for the records included in the data collection, the terms under which the underlying records in the data collection can be used. Information on how the data collection can be used. Note that this is related to but distinct from the license.","varies by type (4 wordings)","literal","","empty state - the schema description is not shown"
"accordion property","/search","src/views/search/components/results-list/components/card/metadata-accordion/index.tsx","158","Variable Measured","hardcoded label: in src/components/metadata/helpers.ts, wired to 'variableMeasured' by the switch in generateMetadataContent","Variables measured within the dataset.","configs/schema-definitions.json - description[type] || abstract[type] || description['Dataset']","the record has variableMeasured data and @type is Dataset, ResourceCatalog","Dataset, ResourceCatalog","variableMeasured","Variable Measured","Variables measured within the dataset.","description[type]","resolved","","wording varies by resource type (4 distinct)"
"accordion property","/search","src/views/search/components/results-list/components/card/metadata-accordion/index.tsx","158","Variable Measured","hardcoded label: in src/components/metadata/helpers.ts, wired to 'variableMeasured' by the switch in generateMetadataContent","The variableMeasured property can indicate (repeated as necessary) the variables that are measured in some dataset, either described as text or as pairs of identifier and description using PropertyValue, or more explicitly as a StatisticalVariable.","configs/schema-definitions.json - description[type] || abstract[type] || description['Dataset']","the record has variableMeasured data and @type is ComputationalTool","ComputationalTool","variableMeasured","Variable Measured","The variableMeasured property can indicate (repeated as necessary) the variables that are measured in some dataset, either described as text or as pairs of identifier and description using PropertyValue, or more explicitly as a StatisticalVariable.","description[type]","resolved","","wording varies by resource type (4 distinct)"
"accordion property","/search","src/views/search/components/results-list/components/card/metadata-accordion/index.tsx","158","Variable Measured","hardcoded label: in src/components/metadata/helpers.ts, wired to 'variableMeasured' by the switch in generateMetadataContent","Variables measured within the sample.","configs/schema-definitions.json - description[type] || abstract[type] || description['Dataset']","the record has variableMeasured data and @type is Sample","Sample","variableMeasured","Variable Measured","Variables measured within the sample.","description[type]","resolved","","wording varies by resource type (4 distinct)"
"accordion property","/search","src/views/search/components/results-list/components/card/metadata-accordion/index.tsx","158","Variable Measured","hardcoded label: in src/components/metadata/helpers.ts, wired to 'variableMeasured' by the switch in generateMetadataContent","Variables measured within the records in the data collection. Measured variables by which the records in the data collection may have been grouped.","configs/schema-definitions.json - description[type] || abstract[type] || description['Dataset']","the record has variableMeasured data and @type is DataCollection","DataCollection","variableMeasured","Variable Measured","Variables measured within the records in the data collection. Measured variables by which the records in the data collection may have been grouped.","description[type]","resolved","","wording varies by resource type (4 distinct)"
"accordion property","/search","src/views/search/components/results-list/components/card/metadata-accordion/index.tsx","158","Variable Measured","hardcoded label: in src/components/metadata/helpers.ts, wired to 'variableMeasured'","No variable measured data.","template at src/views/search/components/results-list/components/card/metadata-accordion/index.tsx:158","the record has NO variableMeasured data (isDisabled)","(not type-dependent)","variableMeasured","Variable Measured","[Dataset, ResourceCatalog] Variables measured within the dataset. | [ComputationalTool] The variableMeasured property can indicate (repeated as necessary) the variables that are measured in some dataset, either described as text or as pairs of identifier and description using PropertyValue, or more explicitly as a StatisticalVariable. | [Sample] Variables measured within the sample. | [DataCollection] Variables measured within the records in the data collection. Measured variables by which the records in the data collection may have been grouped.","varies by type (4 wordings)","literal","","empty state - the schema description is not shown"
"accordion property","/search","src/views/search/components/results-list/components/card/metadata-accordion/index.tsx","158","Available on Device","hardcoded label: in src/components/metadata/helpers.ts, wired to 'availableOnDevice' by the switch in generateMetadataContent","(no description for this resource type - tooltip is empty)","configs/schema-definitions.json - description[type] || abstract[type] || description['Dataset']","the record has availableOnDevice data and @type is Dataset, ResourceCatalog, Sample, DataCollection","Dataset, ResourceCatalog, Sample, DataCollection","availableOnDevice","Available On Device","","(none - empty tooltip)","resolved","","pill label differs from the schema name ""Available On Device""; no wording for this type - the tooltip renders empty; wording varies by resource type (2 distinct)"
"accordion property","/search","src/views/search/components/results-list/components/card/metadata-accordion/index.tsx","158","Available on Device","hardcoded label: in src/components/metadata/helpers.ts, wired to 'availableOnDevice' by the switch in generateMetadataContent","Device or platform required to run the application, such as Bioconda, Docker, or Singularity.","configs/schema-definitions.json - description[type] || abstract[type] || description['Dataset']","the record has availableOnDevice data and @type is ComputationalTool","ComputationalTool","availableOnDevice","Available On Device","Device or platform required to run the application, such as Bioconda, Docker, or Singularity.","description[type]","resolved","","pill label differs from the schema name ""Available On Device""; wording varies by resource type (2 distinct)"
"accordion property","/search","src/views/search/components/results-list/components/card/metadata-accordion/index.tsx","158","Available on Device","hardcoded label: in src/components/metadata/helpers.ts, wired to 'availableOnDevice'","No available on device data.","template at src/views/search/components/results-list/components/card/metadata-accordion/index.tsx:158","the record has NO availableOnDevice data (isDisabled)","(not type-dependent)","availableOnDevice","Available On Device","[ComputationalTool] Device or platform required to run the application, such as Bioconda, Docker, or Singularity.","ComputationalTool only","literal","","empty state - the schema description is not shown"
"accordion property","/search","src/views/search/components/results-list/components/card/metadata-accordion/index.tsx","158","Feature List","hardcoded label: in src/components/metadata/helpers.ts, wired to 'featureList' by the switch in generateMetadataContent","(no description for this resource type - tooltip is empty)","configs/schema-definitions.json - description[type] || abstract[type] || description['Dataset']","the record has featureList data and @type is Dataset, ResourceCatalog, Sample, DataCollection","Dataset, ResourceCatalog, Sample, DataCollection","featureList","Feature List","","(none - empty tooltip)","resolved","","no wording for this type - the tooltip renders empty; wording varies by resource type (2 distinct)"
"accordion property","/search","src/views/search/components/results-list/components/card/metadata-accordion/index.tsx","158","Feature List","hardcoded label: in src/components/metadata/helpers.ts, wired to 'featureList' by the switch in generateMetadataContent","Features or modules provided by this application (and possibly required by other applications).","configs/schema-definitions.json - description[type] || abstract[type] || description['Dataset']","the record has featureList data and @type is ComputationalTool","ComputationalTool","featureList","Feature List","Features or modules provided by this application (and possibly required by other applications).","description[type]","resolved","","wording varies by resource type (2 distinct)"
"accordion property","/search","src/views/search/components/results-list/components/card/metadata-accordion/index.tsx","158","Feature List","hardcoded label: in src/components/metadata/helpers.ts, wired to 'featureList'","No feature list data.","template at src/views/search/components/results-list/components/card/metadata-accordion/index.tsx:158","the record has NO featureList data (isDisabled)","(not type-dependent)","featureList","Feature List","[ComputationalTool] Features or modules provided by this application (and possibly required by other applications).","ComputationalTool only","literal","","empty state - the schema description is not shown"
"accordion property","/search","src/views/search/components/results-list/components/card/metadata-accordion/index.tsx","158","Input","hardcoded label: in src/components/metadata/helpers.ts, wired to 'input' by the switch in generateMetadataContent","(no description for this resource type - tooltip is empty)","configs/schema-definitions.json - description[type] || abstract[type] || description['Dataset']","the record has input data and @type is Dataset, ResourceCatalog, Sample, DataCollection","Dataset, ResourceCatalog, Sample, DataCollection","input","Input","","(none - empty tooltip)","resolved","","no wording for this type - the tooltip renders empty; wording varies by resource type (2 distinct)"
"accordion property","/search","src/views/search/components/results-list/components/card/metadata-accordion/index.tsx","158","Input","hardcoded label: in src/components/metadata/helpers.ts, wired to 'input' by the switch in generateMetadataContent","software input, such as a file or parameter.","configs/schema-definitions.json - description[type] || abstract[type] || description['Dataset']","the record has input data and @type is ComputationalTool","ComputationalTool","input","Input","software input, such as a file or parameter.","description[type]","resolved","","wording varies by resource type (2 distinct)"
"accordion property","/search","src/views/search/components/results-list/components/card/metadata-accordion/index.tsx","158","Input","hardcoded label: in src/components/metadata/helpers.ts, wired to 'input'","No input data.","template at src/views/search/components/results-list/components/card/metadata-accordion/index.tsx:158","the record has NO input data (isDisabled)","(not type-dependent)","input","Input","[ComputationalTool] software input, such as a file or parameter.","ComputationalTool only","literal","","empty state - the schema description is not shown"
"accordion property","/search","src/views/search/components/results-list/components/card/metadata-accordion/index.tsx","158","Output","hardcoded label: in src/components/metadata/helpers.ts, wired to 'output' by the switch in generateMetadataContent","(no description for this resource type - tooltip is empty)","configs/schema-definitions.json - description[type] || abstract[type] || description['Dataset']","the record has output data and @type is Dataset, ResourceCatalog, Sample, DataCollection","Dataset, ResourceCatalog, Sample, DataCollection","output","Output","","(none - empty tooltip)","resolved","","no wording for this type - the tooltip renders empty; wording varies by resource type (2 distinct)"
"accordion property","/search","src/views/search/components/results-list/components/card/metadata-accordion/index.tsx","158","Output","hardcoded label: in src/components/metadata/helpers.ts, wired to 'output' by the switch in generateMetadataContent","Output of the computational tool.","configs/schema-definitions.json - description[type] || abstract[type] || description['Dataset']","the record has output data and @type is ComputationalTool","ComputationalTool","output","Output","Output of the computational tool.","description[type]","resolved","","wording varies by resource type (2 distinct)"
"accordion property","/search","src/views/search/components/results-list/components/card/metadata-accordion/index.tsx","158","Output","hardcoded label: in src/components/metadata/helpers.ts, wired to 'output'","No output data.","template at src/views/search/components/results-list/components/card/metadata-accordion/index.tsx:158","the record has NO output data (isDisabled)","(not type-dependent)","output","Output","[ComputationalTool] Output of the computational tool.","ComputationalTool only","literal","","empty state - the schema description is not shown"
"accordion property","/search","src/views/search/components/results-list/components/card/metadata-accordion/index.tsx","158","Software Help","hardcoded label: in src/components/metadata/helpers.ts, wired to 'softwareHelp' by the switch in generateMetadataContent","(no description for this resource type - tooltip is empty)","configs/schema-definitions.json - description[type] || abstract[type] || description['Dataset']","the record has softwareHelp data and @type is Dataset, ResourceCatalog, Sample, DataCollection","Dataset, ResourceCatalog, Sample, DataCollection","softwareHelp","Software Help","","(none - empty tooltip)","resolved","","no wording for this type - the tooltip renders empty; wording varies by resource type (2 distinct)"
"accordion property","/search","src/views/search/components/results-list/components/card/metadata-accordion/index.tsx","158","Software Help","hardcoded label: in src/components/metadata/helpers.ts, wired to 'softwareHelp' by the switch in generateMetadataContent","URL to access software application help.","configs/schema-definitions.json - description[type] || abstract[type] || description['Dataset']","the record has softwareHelp data and @type is ComputationalTool","ComputationalTool","softwareHelp","Software Help","URL to access software application help.","description[type]","resolved","","wording varies by resource type (2 distinct)"
"accordion property","/search","src/views/search/components/results-list/components/card/metadata-accordion/index.tsx","158","Software Help","hardcoded label: in src/components/metadata/helpers.ts, wired to 'softwareHelp'","No software help data.","template at src/views/search/components/results-list/components/card/metadata-accordion/index.tsx:158","the record has NO softwareHelp data (isDisabled)","(not type-dependent)","softwareHelp","Software Help","[ComputationalTool] URL to access software application help.","ComputationalTool only","literal","","empty state - the schema description is not shown"
"accordion property","/search","src/views/search/components/results-list/components/card/metadata-accordion/index.tsx","158","Software Requirements","hardcoded label: in src/components/metadata/helpers.ts, wired to 'softwareRequirements' by the switch in generateMetadataContent","(no description for this resource type - tooltip is empty)","configs/schema-definitions.json - description[type] || abstract[type] || description['Dataset']","the record has softwareRequirements data and @type is Dataset, ResourceCatalog, Sample, DataCollection","Dataset, ResourceCatalog, Sample, DataCollection","softwareRequirements","Software Requirements","","(none - empty tooltip)","resolved","","no wording for this type - the tooltip renders empty; wording varies by resource type (2 distinct)"
"accordion property","/search","src/views/search/components/results-list/components/card/metadata-accordion/index.tsx","158","Software Requirements","hardcoded label: in src/components/metadata/helpers.ts, wired to 'softwareRequirements' by the switch in generateMetadataContent","Component dependency requirements for application. This includes runtime environments and shared libraries that are not included in the application distribution package, but required to run the application (Examples: DirectX, Java or .NET runtime).","configs/schema-definitions.json - description[type] || abstract[type] || description['Dataset']","the record has softwareRequirements data and @type is ComputationalTool","ComputationalTool","softwareRequirements","Software Requirements","Component dependency requirements for application. This includes runtime environments and shared libraries that are not included in the application distribution package, but required to run the application (Examples: DirectX, Java or .NET runtime).","description[type]","resolved","","wording varies by resource type (2 distinct)"
"accordion property","/search","src/views/search/components/results-list/components/card/metadata-accordion/index.tsx","158","Software Requirements","hardcoded label: in src/components/metadata/helpers.ts, wired to 'softwareRequirements'","No software requirements data.","template at src/views/search/components/results-list/components/card/metadata-accordion/index.tsx:158","the record has NO softwareRequirements data (isDisabled)","(not type-dependent)","softwareRequirements","Software Requirements","[ComputationalTool] Component dependency requirements for application. This includes runtime environments and shared libraries that are not included in the application distribution package, but required to run the application (Examples: DirectX, Java or .NET runtime).","ComputationalTool only","literal","","empty state - the schema description is not shown"
"accordion property","/search","src/views/search/components/results-list/components/card/metadata-accordion/index.tsx","158","Software Version","hardcoded label: in src/components/metadata/helpers.ts, wired to 'softwareVersion' by the switch in generateMetadataContent","(no description for this resource type - tooltip is empty)","configs/schema-definitions.json - description[type] || abstract[type] || description['Dataset']","the record has softwareVersion data and @type is Dataset, ResourceCatalog, Sample, DataCollection","Dataset, ResourceCatalog, Sample, DataCollection","softwareVersion","Software Version","","(none - empty tooltip)","resolved","","no wording for this type - the tooltip renders empty; wording varies by resource type (2 distinct)"
"accordion property","/search","src/views/search/components/results-list/components/card/metadata-accordion/index.tsx","158","Software Version","hardcoded label: in src/components/metadata/helpers.ts, wired to 'softwareVersion' by the switch in generateMetadataContent","Software version.","configs/schema-definitions.json - description[type] || abstract[type] || description['Dataset']","the record has softwareVersion data and @type is ComputationalTool","ComputationalTool","softwareVersion","Software Version","Software version.","description[type]","resolved","","wording varies by resource type (2 distinct)"
"accordion property","/search","src/views/search/components/results-list/components/card/metadata-accordion/index.tsx","158","Software Version","hardcoded label: in src/components/metadata/helpers.ts, wired to 'softwareVersion'","No software version data.","template at src/views/search/components/results-list/components/card/metadata-accordion/index.tsx:158","the record has NO softwareVersion data (isDisabled)","(not type-dependent)","softwareVersion","Software Version","[ComputationalTool] Software version.","ComputationalTool only","literal","","empty state - the schema description is not shown"
"funding ID","/resources","src/components/metadata/components/tag.tsx","22","ID | <funding identifier>","label 'ID' hardcoded at src/components/metadata/helpers.ts:388, value is funding.identifier from the NDE API","<funding identifier>","src/components/metadata/helpers.ts:391 - the identifier, repeated","funding.identifier or funding.url is present","(not type-dependent)","funding.identifier","Funding Identifier","[Dataset, Sample, DataCollection] Unique identifier(s) for the grant(s) used to fund the Dataset | [ComputationalTool] Unique identifier(s) for the grant(s) used to fund the development of this computational tool | [ResourceCatalog] Unique identifier(s) for the grant(s) used to fund the resource catalog","varies by type (3 wordings)","literal","","the tooltip repeats the visible value rather than explaining it; falls back to the literal ""Funding ID"" when no identifier exists"
"funding ID","/search","src/components/metadata/components/tag.tsx","22","ID | <funding identifier>","label 'ID' hardcoded at src/components/metadata/helpers.ts:388, value is funding.identifier from the NDE API","<funding identifier>","src/components/metadata/helpers.ts:391 - the identifier, repeated","funding.identifier or funding.url is present","(not type-dependent)","funding.identifier","Funding Identifier","[Dataset, Sample, DataCollection] Unique identifier(s) for the grant(s) used to fund the Dataset | [ComputationalTool] Unique identifier(s) for the grant(s) used to fund the development of this computational tool | [ResourceCatalog] Unique identifier(s) for the grant(s) used to fund the resource catalog","varies by type (3 wordings)","literal","","the tooltip repeats the visible value rather than explaining it; falls back to the literal ""Funding ID"" when no identifier exists"
"ontology","/resources","src/components/metadata/components/buttons.tsx","42","UniProt Taxon","infectiousAgent.inDefinedTermSet from the NDE API","See UniProt taxonomy information.","template in src/components/metadata/helpers.ts (ontologyProps['aria-label'])","infectiousAgent.inDefinedTermSet === 'UniProt'","(not type-dependent)","infectiousAgent","Pathogen Species","[Dataset, ComputationalTool, ResourceCatalog, Sample] Infectious agent(s) / pathogen(s) which are the focus of the work (like SARS-CoV-2). | [DataCollection] Infectious agent(s) / pathogen(s) which are the focus of the data collection (like SARS-CoV-2).","varies by type (2 wordings)","sampled example","2026-08-28","pill label ""UniProt Taxon"" but the tooltip interpolates the raw value ""UniProt"""
"ontology","/search","src/components/metadata/components/buttons.tsx","42","UniProt Taxon","infectiousAgent.inDefinedTermSet from the NDE API","See UniProt taxonomy information.","template in src/components/metadata/helpers.ts (ontologyProps['aria-label'])","infectiousAgent.inDefinedTermSet === 'UniProt'","(not type-dependent)","infectiousAgent","Pathogen Species","[Dataset, ComputationalTool, ResourceCatalog, Sample] Infectious agent(s) / pathogen(s) which are the focus of the work (like SARS-CoV-2). | [DataCollection] Infectious agent(s) / pathogen(s) which are the focus of the data collection (like SARS-CoV-2).","varies by type (2 wordings)","sampled example","2026-08-28","pill label ""UniProt Taxon"" but the tooltip interpolates the raw value ""UniProt"""
"ontology","/resources","src/components/metadata/components/buttons.tsx","42","UniProt Taxon","species.inDefinedTermSet from the NDE API","See UniProt taxonomy information.","template in src/components/metadata/helpers.ts (ontologyProps['aria-label'])","species.inDefinedTermSet === 'UniProt'","(not type-dependent)","species","Species","[Dataset, ComputationalTool, ResourceCatalog, Sample] Species / host organism from which the dataset has been collected. | [DataCollection] Species(es) / host organism from which records in the data collection have been collected, or is the focus of grouping of records in the data collection.","varies by type (2 wordings)","sampled example","2026-08-28","pill label ""UniProt Taxon"" but the tooltip interpolates the raw value ""UniProt"""
"ontology","/search","src/components/metadata/components/buttons.tsx","42","UniProt Taxon","species.inDefinedTermSet from the NDE API","See UniProt taxonomy information.","template in src/components/metadata/helpers.ts (ontologyProps['aria-label'])","species.inDefinedTermSet === 'UniProt'","(not type-dependent)","species","Species","[Dataset, ComputationalTool, ResourceCatalog, Sample] Species / host organism from which the dataset has been collected. | [DataCollection] Species(es) / host organism from which records in the data collection have been collected, or is the focus of grouping of records in the data collection.","varies by type (2 wordings)","sampled example","2026-08-28","pill label ""UniProt Taxon"" but the tooltip interpolates the raw value ""UniProt"""
"ontology","/resources","src/components/metadata/components/buttons.tsx","42","MONDO","healthCondition.inDefinedTermSet from the NDE API","See MONDO ontology information.","template in src/components/metadata/helpers.ts (ontologyProps['aria-label'])","healthCondition.inDefinedTermSet === 'MONDO'","(not type-dependent)","healthCondition","Health Condition","[Dataset, ComputationalTool, ResourceCatalog, Sample] The health condition(s) /infectious disease(s) which are the focus of the work (like COVID-19, coronavirus). | [DataCollection] The infectious disease(s) / health condition(s) which are the focus of the data collection.","varies by type (2 wordings)","sampled example","2026-08-28",""
"ontology","/search","src/components/metadata/components/buttons.tsx","42","MONDO","healthCondition.inDefinedTermSet from the NDE API","See MONDO ontology information.","template in src/components/metadata/helpers.ts (ontologyProps['aria-label'])","healthCondition.inDefinedTermSet === 'MONDO'","(not type-dependent)","healthCondition","Health Condition","[Dataset, ComputationalTool, ResourceCatalog, Sample] The health condition(s) /infectious disease(s) which are the focus of the work (like COVID-19, coronavirus). | [DataCollection] The infectious disease(s) / health condition(s) which are the focus of the data collection.","varies by type (2 wordings)","sampled example","2026-08-28",""
"ontology","/resources","src/components/metadata/components/buttons.tsx","42","NCIT","healthCondition.inDefinedTermSet from the NDE API","See NCIT ontology information.","template in src/components/metadata/helpers.ts (ontologyProps['aria-label'])","healthCondition.inDefinedTermSet === 'NCIT'","(not type-dependent)","healthCondition","Health Condition","[Dataset, ComputationalTool, ResourceCatalog, Sample] The health condition(s) /infectious disease(s) which are the focus of the work (like COVID-19, coronavirus). | [DataCollection] The infectious disease(s) / health condition(s) which are the focus of the data collection.","varies by type (2 wordings)","sampled example","2026-08-28",""
"ontology","/search","src/components/metadata/components/buttons.tsx","42","NCIT","healthCondition.inDefinedTermSet from the NDE API","See NCIT ontology information.","template in src/components/metadata/helpers.ts (ontologyProps['aria-label'])","healthCondition.inDefinedTermSet === 'NCIT'","(not type-dependent)","healthCondition","Health Condition","[Dataset, ComputationalTool, ResourceCatalog, Sample] The health condition(s) /infectious disease(s) which are the focus of the work (like COVID-19, coronavirus). | [DataCollection] The infectious disease(s) / health condition(s) which are the focus of the data collection.","varies by type (2 wordings)","sampled example","2026-08-28",""
"ontology","/resources","src/components/metadata/components/buttons.tsx","42","HP","healthCondition.inDefinedTermSet from the NDE API","See HP ontology information.","template in src/components/metadata/helpers.ts (ontologyProps['aria-label'])","healthCondition.inDefinedTermSet === 'HP'","(not type-dependent)","healthCondition","Health Condition","[Dataset, ComputationalTool, ResourceCatalog, Sample] The health condition(s) /infectious disease(s) which are the focus of the work (like COVID-19, coronavirus). | [DataCollection] The infectious disease(s) / health condition(s) which are the focus of the data collection.","varies by type (2 wordings)","sampled example","2026-08-28",""
"ontology","/search","src/components/metadata/components/buttons.tsx","42","HP","healthCondition.inDefinedTermSet from the NDE API","See HP ontology information.","template in src/components/metadata/helpers.ts (ontologyProps['aria-label'])","healthCondition.inDefinedTermSet === 'HP'","(not type-dependent)","healthCondition","Health Condition","[Dataset, ComputationalTool, ResourceCatalog, Sample] The health condition(s) /infectious disease(s) which are the focus of the work (like COVID-19, coronavirus). | [DataCollection] The infectious disease(s) / health condition(s) which are the focus of the data collection.","varies by type (2 wordings)","sampled example","2026-08-28",""
"ontology","/resources","src/components/metadata/components/buttons.tsx","42","CIDO","healthCondition.inDefinedTermSet from the NDE API","See CIDO ontology information.","template in src/components/metadata/helpers.ts (ontologyProps['aria-label'])","healthCondition.inDefinedTermSet === 'CIDO'","(not type-dependent)","healthCondition","Health Condition","[Dataset, ComputationalTool, ResourceCatalog, Sample] The health condition(s) /infectious disease(s) which are the focus of the work (like COVID-19, coronavirus). | [DataCollection] The infectious disease(s) / health condition(s) which are the focus of the data collection.","varies by type (2 wordings)","sampled example","2026-08-28",""
"ontology","/search","src/components/metadata/components/buttons.tsx","42","CIDO","healthCondition.inDefinedTermSet from the NDE API","See CIDO ontology information.","template in src/components/metadata/helpers.ts (ontologyProps['aria-label'])","healthCondition.inDefinedTermSet === 'CIDO'","(not type-dependent)","healthCondition","Health Condition","[Dataset, ComputationalTool, ResourceCatalog, Sample] The health condition(s) /infectious disease(s) which are the focus of the work (like COVID-19, coronavirus). | [DataCollection] The infectious disease(s) / health condition(s) which are the focus of the data collection.","varies by type (2 wordings)","sampled example","2026-08-28",""
"ontology","/resources","src/components/metadata/components/buttons.tsx","42","CPONT","healthCondition.inDefinedTermSet from the NDE API","See CPONT ontology information.","template in src/components/metadata/helpers.ts (ontologyProps['aria-label'])","healthCondition.inDefinedTermSet === 'CPONT'","(not type-dependent)","healthCondition","Health Condition","[Dataset, ComputationalTool, ResourceCatalog, Sample] The health condition(s) /infectious disease(s) which are the focus of the work (like COVID-19, coronavirus). | [DataCollection] The infectious disease(s) / health condition(s) which are the focus of the data collection.","varies by type (2 wordings)","sampled example","2026-08-28",""
"ontology","/search","src/components/metadata/components/buttons.tsx","42","CPONT","healthCondition.inDefinedTermSet from the NDE API","See CPONT ontology information.","template in src/components/metadata/helpers.ts (ontologyProps['aria-label'])","healthCondition.inDefinedTermSet === 'CPONT'","(not type-dependent)","healthCondition","Health Condition","[Dataset, ComputationalTool, ResourceCatalog, Sample] The health condition(s) /infectious disease(s) which are the focus of the work (like COVID-19, coronavirus). | [DataCollection] The infectious disease(s) / health condition(s) which are the focus of the data collection.","varies by type (2 wordings)","sampled example","2026-08-28",""
"ontology","/resources","src/components/metadata/components/buttons.tsx","42","OHMI","healthCondition.inDefinedTermSet from the NDE API","See OHMI ontology information.","template in src/components/metadata/helpers.ts (ontologyProps['aria-label'])","healthCondition.inDefinedTermSet === 'OHMI'","(not type-dependent)","healthCondition","Health Condition","[Dataset, ComputationalTool, ResourceCatalog, Sample] The health condition(s) /infectious disease(s) which are the focus of the work (like COVID-19, coronavirus). | [DataCollection] The infectious disease(s) / health condition(s) which are the focus of the data collection.","varies by type (2 wordings)","sampled example","2026-08-28",""
"ontology","/search","src/components/metadata/components/buttons.tsx","42","OHMI","healthCondition.inDefinedTermSet from the NDE API","See OHMI ontology information.","template in src/components/metadata/helpers.ts (ontologyProps['aria-label'])","healthCondition.inDefinedTermSet === 'OHMI'","(not type-dependent)","healthCondition","Health Condition","[Dataset, ComputationalTool, ResourceCatalog, Sample] The health condition(s) /infectious disease(s) which are the focus of the work (like COVID-19, coronavirus). | [DataCollection] The infectious disease(s) / health condition(s) which are the focus of the data collection.","varies by type (2 wordings)","sampled example","2026-08-28",""
"ontology","/resources","src/components/metadata/components/buttons.tsx","42","EFO","healthCondition.inDefinedTermSet from the NDE API","See EFO ontology information.","template in src/components/metadata/helpers.ts (ontologyProps['aria-label'])","healthCondition.inDefinedTermSet === 'EFO'","(not type-dependent)","healthCondition","Health Condition","[Dataset, ComputationalTool, ResourceCatalog, Sample] The health condition(s) /infectious disease(s) which are the focus of the work (like COVID-19, coronavirus). | [DataCollection] The infectious disease(s) / health condition(s) which are the focus of the data collection.","varies by type (2 wordings)","sampled example","2026-08-28",""
"ontology","/search","src/components/metadata/components/buttons.tsx","42","EFO","healthCondition.inDefinedTermSet from the NDE API","See EFO ontology information.","template in src/components/metadata/helpers.ts (ontologyProps['aria-label'])","healthCondition.inDefinedTermSet === 'EFO'","(not type-dependent)","healthCondition","Health Condition","[Dataset, ComputationalTool, ResourceCatalog, Sample] The health condition(s) /infectious disease(s) which are the focus of the work (like COVID-19, coronavirus). | [DataCollection] The infectious disease(s) / health condition(s) which are the focus of the data collection.","varies by type (2 wordings)","sampled example","2026-08-28",""
"ontology","/resources","src/components/metadata/components/buttons.tsx","42","MeSH","healthCondition.inDefinedTermSet from the NDE API","See MeSH ontology information.","template in src/components/metadata/helpers.ts (ontologyProps['aria-label'])","healthCondition.inDefinedTermSet === 'MeSH'","(not type-dependent)","healthCondition","Health Condition","[Dataset, ComputationalTool, ResourceCatalog, Sample] The health condition(s) /infectious disease(s) which are the focus of the work (like COVID-19, coronavirus). | [DataCollection] The infectious disease(s) / health condition(s) which are the focus of the data collection.","varies by type (2 wordings)","sampled example","2026-08-28",""
"ontology","/search","src/components/metadata/components/buttons.tsx","42","MeSH","healthCondition.inDefinedTermSet from the NDE API","See MeSH ontology information.","template in src/components/metadata/helpers.ts (ontologyProps['aria-label'])","healthCondition.inDefinedTermSet === 'MeSH'","(not type-dependent)","healthCondition","Health Condition","[Dataset, ComputationalTool, ResourceCatalog, Sample] The health condition(s) /infectious disease(s) which are the focus of the work (like COVID-19, coronavirus). | [DataCollection] The infectious disease(s) / health condition(s) which are the focus of the data collection.","varies by type (2 wordings)","sampled example","2026-08-28",""
"ontology","/resources","src/components/metadata/components/buttons.tsx","42","CHMO","measurementTechnique.inDefinedTermSet from the NDE API","See CHMO taxonomy information.","template in src/components/metadata/helpers.ts (ontologyProps['aria-label'])","measurementTechnique.inDefinedTermSet === 'CHMO'","(not type-dependent)","measurementTechnique","Measurement Technique","[Dataset, ResourceCatalog] A technique or technology used in a  dataset corresponding to the method used for measuring the corresponding variable(s) (described using variableMeasured). For example, if variableMeasured is molecule concentration, measurementTechnique could be: ""mass spectrometry"" or ""nmr spectroscopy"" or ""colorimetry"" or ""immunofluorescence"". | [ComputationalTool] A technique, method or technology used in an Observation, StatisticalVariable or Dataset (or DataDownload, DataCatalog), corresponding to the method used for measuring the corresponding variable(s) (for datasets, described using variableMeasured; for Observation, a StatisticalVariable). For example, if variableMeasured is: molecule concentration, measurementTechnique could be: ""mass spectrometry"" or ""nmr spectroscopy"" or ""colorimetry"" or ""immunofluorescence"". If the variableMeasured is ""depression rating"", the measurementTechnique could be ""Zung Scale"" or ""HAM-D"" or ""Beck Depression Inventory"". | [Sample] A technique or technology used in the collection or processing of the sample corresponding to the method used for measuring the corresponding variable(s) (described using variableMeasured). For example, if variableMeasured is cell density or cell counts, measurementTechnique could be:  ""centrifugation"" or ""flow cytometry"". | [DataCollection] A technique, method or technology used in the source data for the data collection corresponding to the method used for measuring the corresponding variable(s) (for the records in the data collection, described using variableMeasured; for Observation, a StatisticalVariable). For example, if variableMeasured is: molecule concentration, measurementTechnique could be: ""mass spectrometry"" or ""nmr spectroscopy"" or ""colorimetry"" or ""immunofluorescence"". If the variableMeasured is ""depression rating"", the measurementTechnique could be ""Zung Scale"" or ""HAM-D"" or ""Beck Depression Inventory"".","varies by type (4 wordings)","sampled example","2026-08-28",""
"ontology","/search","src/components/metadata/components/buttons.tsx","42","CHMO","measurementTechnique.inDefinedTermSet from the NDE API","See CHMO taxonomy information.","template in src/components/metadata/helpers.ts (ontologyProps['aria-label'])","measurementTechnique.inDefinedTermSet === 'CHMO'","(not type-dependent)","measurementTechnique","Measurement Technique","[Dataset, ResourceCatalog] A technique or technology used in a  dataset corresponding to the method used for measuring the corresponding variable(s) (described using variableMeasured). For example, if variableMeasured is molecule concentration, measurementTechnique could be: ""mass spectrometry"" or ""nmr spectroscopy"" or ""colorimetry"" or ""immunofluorescence"". | [ComputationalTool] A technique, method or technology used in an Observation, StatisticalVariable or Dataset (or DataDownload, DataCatalog), corresponding to the method used for measuring the corresponding variable(s) (for datasets, described using variableMeasured; for Observation, a StatisticalVariable). For example, if variableMeasured is: molecule concentration, measurementTechnique could be: ""mass spectrometry"" or ""nmr spectroscopy"" or ""colorimetry"" or ""immunofluorescence"". If the variableMeasured is ""depression rating"", the measurementTechnique could be ""Zung Scale"" or ""HAM-D"" or ""Beck Depression Inventory"". | [Sample] A technique or technology used in the collection or processing of the sample corresponding to the method used for measuring the corresponding variable(s) (described using variableMeasured). For example, if variableMeasured is cell density or cell counts, measurementTechnique could be:  ""centrifugation"" or ""flow cytometry"". | [DataCollection] A technique, method or technology used in the source data for the data collection corresponding to the method used for measuring the corresponding variable(s) (for the records in the data collection, described using variableMeasured; for Observation, a StatisticalVariable). For example, if variableMeasured is: molecule concentration, measurementTechnique could be: ""mass spectrometry"" or ""nmr spectroscopy"" or ""colorimetry"" or ""immunofluorescence"". If the variableMeasured is ""depression rating"", the measurementTechnique could be ""Zung Scale"" or ""HAM-D"" or ""Beck Depression Inventory"".","varies by type (4 wordings)","sampled example","2026-08-28",""
"ontology","/resources","src/components/metadata/components/buttons.tsx","42","NCIT","measurementTechnique.inDefinedTermSet from the NDE API","See NCIT taxonomy information.","template in src/components/metadata/helpers.ts (ontologyProps['aria-label'])","measurementTechnique.inDefinedTermSet === 'NCIT'","(not type-dependent)","measurementTechnique","Measurement Technique","[Dataset, ResourceCatalog] A technique or technology used in a  dataset corresponding to the method used for measuring the corresponding variable(s) (described using variableMeasured). For example, if variableMeasured is molecule concentration, measurementTechnique could be: ""mass spectrometry"" or ""nmr spectroscopy"" or ""colorimetry"" or ""immunofluorescence"". | [ComputationalTool] A technique, method or technology used in an Observation, StatisticalVariable or Dataset (or DataDownload, DataCatalog), corresponding to the method used for measuring the corresponding variable(s) (for datasets, described using variableMeasured; for Observation, a StatisticalVariable). For example, if variableMeasured is: molecule concentration, measurementTechnique could be: ""mass spectrometry"" or ""nmr spectroscopy"" or ""colorimetry"" or ""immunofluorescence"". If the variableMeasured is ""depression rating"", the measurementTechnique could be ""Zung Scale"" or ""HAM-D"" or ""Beck Depression Inventory"". | [Sample] A technique or technology used in the collection or processing of the sample corresponding to the method used for measuring the corresponding variable(s) (described using variableMeasured). For example, if variableMeasured is cell density or cell counts, measurementTechnique could be:  ""centrifugation"" or ""flow cytometry"". | [DataCollection] A technique, method or technology used in the source data for the data collection corresponding to the method used for measuring the corresponding variable(s) (for the records in the data collection, described using variableMeasured; for Observation, a StatisticalVariable). For example, if variableMeasured is: molecule concentration, measurementTechnique could be: ""mass spectrometry"" or ""nmr spectroscopy"" or ""colorimetry"" or ""immunofluorescence"". If the variableMeasured is ""depression rating"", the measurementTechnique could be ""Zung Scale"" or ""HAM-D"" or ""Beck Depression Inventory"".","varies by type (4 wordings)","sampled example","2026-08-28",""
"ontology","/search","src/components/metadata/components/buttons.tsx","42","NCIT","measurementTechnique.inDefinedTermSet from the NDE API","See NCIT taxonomy information.","template in src/components/metadata/helpers.ts (ontologyProps['aria-label'])","measurementTechnique.inDefinedTermSet === 'NCIT'","(not type-dependent)","measurementTechnique","Measurement Technique","[Dataset, ResourceCatalog] A technique or technology used in a  dataset corresponding to the method used for measuring the corresponding variable(s) (described using variableMeasured). For example, if variableMeasured is molecule concentration, measurementTechnique could be: ""mass spectrometry"" or ""nmr spectroscopy"" or ""colorimetry"" or ""immunofluorescence"". | [ComputationalTool] A technique, method or technology used in an Observation, StatisticalVariable or Dataset (or DataDownload, DataCatalog), corresponding to the method used for measuring the corresponding variable(s) (for datasets, described using variableMeasured; for Observation, a StatisticalVariable). For example, if variableMeasured is: molecule concentration, measurementTechnique could be: ""mass spectrometry"" or ""nmr spectroscopy"" or ""colorimetry"" or ""immunofluorescence"". If the variableMeasured is ""depression rating"", the measurementTechnique could be ""Zung Scale"" or ""HAM-D"" or ""Beck Depression Inventory"". | [Sample] A technique or technology used in the collection or processing of the sample corresponding to the method used for measuring the corresponding variable(s) (described using variableMeasured). For example, if variableMeasured is cell density or cell counts, measurementTechnique could be:  ""centrifugation"" or ""flow cytometry"". | [DataCollection] A technique, method or technology used in the source data for the data collection corresponding to the method used for measuring the corresponding variable(s) (for the records in the data collection, described using variableMeasured; for Observation, a StatisticalVariable). For example, if variableMeasured is: molecule concentration, measurementTechnique could be: ""mass spectrometry"" or ""nmr spectroscopy"" or ""colorimetry"" or ""immunofluorescence"". If the variableMeasured is ""depression rating"", the measurementTechnique could be ""Zung Scale"" or ""HAM-D"" or ""Beck Depression Inventory"".","varies by type (4 wordings)","sampled example","2026-08-28",""
"ontology","/resources","src/components/metadata/components/buttons.tsx","42","ADO","measurementTechnique.inDefinedTermSet from the NDE API","See ADO taxonomy information.","template in src/components/metadata/helpers.ts (ontologyProps['aria-label'])","measurementTechnique.inDefinedTermSet === 'ADO'","(not type-dependent)","measurementTechnique","Measurement Technique","[Dataset, ResourceCatalog] A technique or technology used in a  dataset corresponding to the method used for measuring the corresponding variable(s) (described using variableMeasured). For example, if variableMeasured is molecule concentration, measurementTechnique could be: ""mass spectrometry"" or ""nmr spectroscopy"" or ""colorimetry"" or ""immunofluorescence"". | [ComputationalTool] A technique, method or technology used in an Observation, StatisticalVariable or Dataset (or DataDownload, DataCatalog), corresponding to the method used for measuring the corresponding variable(s) (for datasets, described using variableMeasured; for Observation, a StatisticalVariable). For example, if variableMeasured is: molecule concentration, measurementTechnique could be: ""mass spectrometry"" or ""nmr spectroscopy"" or ""colorimetry"" or ""immunofluorescence"". If the variableMeasured is ""depression rating"", the measurementTechnique could be ""Zung Scale"" or ""HAM-D"" or ""Beck Depression Inventory"". | [Sample] A technique or technology used in the collection or processing of the sample corresponding to the method used for measuring the corresponding variable(s) (described using variableMeasured). For example, if variableMeasured is cell density or cell counts, measurementTechnique could be:  ""centrifugation"" or ""flow cytometry"". | [DataCollection] A technique, method or technology used in the source data for the data collection corresponding to the method used for measuring the corresponding variable(s) (for the records in the data collection, described using variableMeasured; for Observation, a StatisticalVariable). For example, if variableMeasured is: molecule concentration, measurementTechnique could be: ""mass spectrometry"" or ""nmr spectroscopy"" or ""colorimetry"" or ""immunofluorescence"". If the variableMeasured is ""depression rating"", the measurementTechnique could be ""Zung Scale"" or ""HAM-D"" or ""Beck Depression Inventory"".","varies by type (4 wordings)","sampled example","2026-08-28",""
"ontology","/search","src/components/metadata/components/buttons.tsx","42","ADO","measurementTechnique.inDefinedTermSet from the NDE API","See ADO taxonomy information.","template in src/components/metadata/helpers.ts (ontologyProps['aria-label'])","measurementTechnique.inDefinedTermSet === 'ADO'","(not type-dependent)","measurementTechnique","Measurement Technique","[Dataset, ResourceCatalog] A technique or technology used in a  dataset corresponding to the method used for measuring the corresponding variable(s) (described using variableMeasured). For example, if variableMeasured is molecule concentration, measurementTechnique could be: ""mass spectrometry"" or ""nmr spectroscopy"" or ""colorimetry"" or ""immunofluorescence"". | [ComputationalTool] A technique, method or technology used in an Observation, StatisticalVariable or Dataset (or DataDownload, DataCatalog), corresponding to the method used for measuring the corresponding variable(s) (for datasets, described using variableMeasured; for Observation, a StatisticalVariable). For example, if variableMeasured is: molecule concentration, measurementTechnique could be: ""mass spectrometry"" or ""nmr spectroscopy"" or ""colorimetry"" or ""immunofluorescence"". If the variableMeasured is ""depression rating"", the measurementTechnique could be ""Zung Scale"" or ""HAM-D"" or ""Beck Depression Inventory"". | [Sample] A technique or technology used in the collection or processing of the sample corresponding to the method used for measuring the corresponding variable(s) (described using variableMeasured). For example, if variableMeasured is cell density or cell counts, measurementTechnique could be:  ""centrifugation"" or ""flow cytometry"". | [DataCollection] A technique, method or technology used in the source data for the data collection corresponding to the method used for measuring the corresponding variable(s) (for the records in the data collection, described using variableMeasured; for Observation, a StatisticalVariable). For example, if variableMeasured is: molecule concentration, measurementTechnique could be: ""mass spectrometry"" or ""nmr spectroscopy"" or ""colorimetry"" or ""immunofluorescence"". If the variableMeasured is ""depression rating"", the measurementTechnique could be ""Zung Scale"" or ""HAM-D"" or ""Beck Depression Inventory"".","varies by type (4 wordings)","sampled example","2026-08-28",""
"ontology","/resources","src/components/metadata/components/buttons.tsx","42","MMO","measurementTechnique.inDefinedTermSet from the NDE API","See MMO taxonomy information.","template in src/components/metadata/helpers.ts (ontologyProps['aria-label'])","measurementTechnique.inDefinedTermSet === 'MMO'","(not type-dependent)","measurementTechnique","Measurement Technique","[Dataset, ResourceCatalog] A technique or technology used in a  dataset corresponding to the method used for measuring the corresponding variable(s) (described using variableMeasured). For example, if variableMeasured is molecule concentration, measurementTechnique could be: ""mass spectrometry"" or ""nmr spectroscopy"" or ""colorimetry"" or ""immunofluorescence"". | [ComputationalTool] A technique, method or technology used in an Observation, StatisticalVariable or Dataset (or DataDownload, DataCatalog), corresponding to the method used for measuring the corresponding variable(s) (for datasets, described using variableMeasured; for Observation, a StatisticalVariable). For example, if variableMeasured is: molecule concentration, measurementTechnique could be: ""mass spectrometry"" or ""nmr spectroscopy"" or ""colorimetry"" or ""immunofluorescence"". If the variableMeasured is ""depression rating"", the measurementTechnique could be ""Zung Scale"" or ""HAM-D"" or ""Beck Depression Inventory"". | [Sample] A technique or technology used in the collection or processing of the sample corresponding to the method used for measuring the corresponding variable(s) (described using variableMeasured). For example, if variableMeasured is cell density or cell counts, measurementTechnique could be:  ""centrifugation"" or ""flow cytometry"". | [DataCollection] A technique, method or technology used in the source data for the data collection corresponding to the method used for measuring the corresponding variable(s) (for the records in the data collection, described using variableMeasured; for Observation, a StatisticalVariable). For example, if variableMeasured is: molecule concentration, measurementTechnique could be: ""mass spectrometry"" or ""nmr spectroscopy"" or ""colorimetry"" or ""immunofluorescence"". If the variableMeasured is ""depression rating"", the measurementTechnique could be ""Zung Scale"" or ""HAM-D"" or ""Beck Depression Inventory"".","varies by type (4 wordings)","sampled example","2026-08-28",""
"ontology","/search","src/components/metadata/components/buttons.tsx","42","MMO","measurementTechnique.inDefinedTermSet from the NDE API","See MMO taxonomy information.","template in src/components/metadata/helpers.ts (ontologyProps['aria-label'])","measurementTechnique.inDefinedTermSet === 'MMO'","(not type-dependent)","measurementTechnique","Measurement Technique","[Dataset, ResourceCatalog] A technique or technology used in a  dataset corresponding to the method used for measuring the corresponding variable(s) (described using variableMeasured). For example, if variableMeasured is molecule concentration, measurementTechnique could be: ""mass spectrometry"" or ""nmr spectroscopy"" or ""colorimetry"" or ""immunofluorescence"". | [ComputationalTool] A technique, method or technology used in an Observation, StatisticalVariable or Dataset (or DataDownload, DataCatalog), corresponding to the method used for measuring the corresponding variable(s) (for datasets, described using variableMeasured; for Observation, a StatisticalVariable). For example, if variableMeasured is: molecule concentration, measurementTechnique could be: ""mass spectrometry"" or ""nmr spectroscopy"" or ""colorimetry"" or ""immunofluorescence"". If the variableMeasured is ""depression rating"", the measurementTechnique could be ""Zung Scale"" or ""HAM-D"" or ""Beck Depression Inventory"". | [Sample] A technique or technology used in the collection or processing of the sample corresponding to the method used for measuring the corresponding variable(s) (described using variableMeasured). For example, if variableMeasured is cell density or cell counts, measurementTechnique could be:  ""centrifugation"" or ""flow cytometry"". | [DataCollection] A technique, method or technology used in the source data for the data collection corresponding to the method used for measuring the corresponding variable(s) (for the records in the data collection, described using variableMeasured; for Observation, a StatisticalVariable). For example, if variableMeasured is: molecule concentration, measurementTechnique could be: ""mass spectrometry"" or ""nmr spectroscopy"" or ""colorimetry"" or ""immunofluorescence"". If the variableMeasured is ""depression rating"", the measurementTechnique could be ""Zung Scale"" or ""HAM-D"" or ""Beck Depression Inventory"".","varies by type (4 wordings)","sampled example","2026-08-28",""
"ontology","/resources","src/components/metadata/components/buttons.tsx","42","COVOC","measurementTechnique.inDefinedTermSet from the NDE API","See COVOC taxonomy information.","template in src/components/metadata/helpers.ts (ontologyProps['aria-label'])","measurementTechnique.inDefinedTermSet === 'COVOC'","(not type-dependent)","measurementTechnique","Measurement Technique","[Dataset, ResourceCatalog] A technique or technology used in a  dataset corresponding to the method used for measuring the corresponding variable(s) (described using variableMeasured). For example, if variableMeasured is molecule concentration, measurementTechnique could be: ""mass spectrometry"" or ""nmr spectroscopy"" or ""colorimetry"" or ""immunofluorescence"". | [ComputationalTool] A technique, method or technology used in an Observation, StatisticalVariable or Dataset (or DataDownload, DataCatalog), corresponding to the method used for measuring the corresponding variable(s) (for datasets, described using variableMeasured; for Observation, a StatisticalVariable). For example, if variableMeasured is: molecule concentration, measurementTechnique could be: ""mass spectrometry"" or ""nmr spectroscopy"" or ""colorimetry"" or ""immunofluorescence"". If the variableMeasured is ""depression rating"", the measurementTechnique could be ""Zung Scale"" or ""HAM-D"" or ""Beck Depression Inventory"". | [Sample] A technique or technology used in the collection or processing of the sample corresponding to the method used for measuring the corresponding variable(s) (described using variableMeasured). For example, if variableMeasured is cell density or cell counts, measurementTechnique could be:  ""centrifugation"" or ""flow cytometry"". | [DataCollection] A technique, method or technology used in the source data for the data collection corresponding to the method used for measuring the corresponding variable(s) (for the records in the data collection, described using variableMeasured; for Observation, a StatisticalVariable). For example, if variableMeasured is: molecule concentration, measurementTechnique could be: ""mass spectrometry"" or ""nmr spectroscopy"" or ""colorimetry"" or ""immunofluorescence"". If the variableMeasured is ""depression rating"", the measurementTechnique could be ""Zung Scale"" or ""HAM-D"" or ""Beck Depression Inventory"".","varies by type (4 wordings)","sampled example","2026-08-28",""
"ontology","/search","src/components/metadata/components/buttons.tsx","42","COVOC","measurementTechnique.inDefinedTermSet from the NDE API","See COVOC taxonomy information.","template in src/components/metadata/helpers.ts (ontologyProps['aria-label'])","measurementTechnique.inDefinedTermSet === 'COVOC'","(not type-dependent)","measurementTechnique","Measurement Technique","[Dataset, ResourceCatalog] A technique or technology used in a  dataset corresponding to the method used for measuring the corresponding variable(s) (described using variableMeasured). For example, if variableMeasured is molecule concentration, measurementTechnique could be: ""mass spectrometry"" or ""nmr spectroscopy"" or ""colorimetry"" or ""immunofluorescence"". | [ComputationalTool] A technique, method or technology used in an Observation, StatisticalVariable or Dataset (or DataDownload, DataCatalog), corresponding to the method used for measuring the corresponding variable(s) (for datasets, described using variableMeasured; for Observation, a StatisticalVariable). For example, if variableMeasured is: molecule concentration, measurementTechnique could be: ""mass spectrometry"" or ""nmr spectroscopy"" or ""colorimetry"" or ""immunofluorescence"". If the variableMeasured is ""depression rating"", the measurementTechnique could be ""Zung Scale"" or ""HAM-D"" or ""Beck Depression Inventory"". | [Sample] A technique or technology used in the collection or processing of the sample corresponding to the method used for measuring the corresponding variable(s) (described using variableMeasured). For example, if variableMeasured is cell density or cell counts, measurementTechnique could be:  ""centrifugation"" or ""flow cytometry"". | [DataCollection] A technique, method or technology used in the source data for the data collection corresponding to the method used for measuring the corresponding variable(s) (for the records in the data collection, described using variableMeasured; for Observation, a StatisticalVariable). For example, if variableMeasured is: molecule concentration, measurementTechnique could be: ""mass spectrometry"" or ""nmr spectroscopy"" or ""colorimetry"" or ""immunofluorescence"". If the variableMeasured is ""depression rating"", the measurementTechnique could be ""Zung Scale"" or ""HAM-D"" or ""Beck Depression Inventory"".","varies by type (4 wordings)","sampled example","2026-08-28",""
"ontology","/resources","src/components/metadata/components/buttons.tsx","42","BAO","measurementTechnique.inDefinedTermSet from the NDE API","See BAO taxonomy information.","template in src/components/metadata/helpers.ts (ontologyProps['aria-label'])","measurementTechnique.inDefinedTermSet === 'BAO'","(not type-dependent)","measurementTechnique","Measurement Technique","[Dataset, ResourceCatalog] A technique or technology used in a  dataset corresponding to the method used for measuring the corresponding variable(s) (described using variableMeasured). For example, if variableMeasured is molecule concentration, measurementTechnique could be: ""mass spectrometry"" or ""nmr spectroscopy"" or ""colorimetry"" or ""immunofluorescence"". | [ComputationalTool] A technique, method or technology used in an Observation, StatisticalVariable or Dataset (or DataDownload, DataCatalog), corresponding to the method used for measuring the corresponding variable(s) (for datasets, described using variableMeasured; for Observation, a StatisticalVariable). For example, if variableMeasured is: molecule concentration, measurementTechnique could be: ""mass spectrometry"" or ""nmr spectroscopy"" or ""colorimetry"" or ""immunofluorescence"". If the variableMeasured is ""depression rating"", the measurementTechnique could be ""Zung Scale"" or ""HAM-D"" or ""Beck Depression Inventory"". | [Sample] A technique or technology used in the collection or processing of the sample corresponding to the method used for measuring the corresponding variable(s) (described using variableMeasured). For example, if variableMeasured is cell density or cell counts, measurementTechnique could be:  ""centrifugation"" or ""flow cytometry"". | [DataCollection] A technique, method or technology used in the source data for the data collection corresponding to the method used for measuring the corresponding variable(s) (for the records in the data collection, described using variableMeasured; for Observation, a StatisticalVariable). For example, if variableMeasured is: molecule concentration, measurementTechnique could be: ""mass spectrometry"" or ""nmr spectroscopy"" or ""colorimetry"" or ""immunofluorescence"". If the variableMeasured is ""depression rating"", the measurementTechnique could be ""Zung Scale"" or ""HAM-D"" or ""Beck Depression Inventory"".","varies by type (4 wordings)","sampled example","2026-08-28",""
"ontology","/search","src/components/metadata/components/buttons.tsx","42","BAO","measurementTechnique.inDefinedTermSet from the NDE API","See BAO taxonomy information.","template in src/components/metadata/helpers.ts (ontologyProps['aria-label'])","measurementTechnique.inDefinedTermSet === 'BAO'","(not type-dependent)","measurementTechnique","Measurement Technique","[Dataset, ResourceCatalog] A technique or technology used in a  dataset corresponding to the method used for measuring the corresponding variable(s) (described using variableMeasured). For example, if variableMeasured is molecule concentration, measurementTechnique could be: ""mass spectrometry"" or ""nmr spectroscopy"" or ""colorimetry"" or ""immunofluorescence"". | [ComputationalTool] A technique, method or technology used in an Observation, StatisticalVariable or Dataset (or DataDownload, DataCatalog), corresponding to the method used for measuring the corresponding variable(s) (for datasets, described using variableMeasured; for Observation, a StatisticalVariable). For example, if variableMeasured is: molecule concentration, measurementTechnique could be: ""mass spectrometry"" or ""nmr spectroscopy"" or ""colorimetry"" or ""immunofluorescence"". If the variableMeasured is ""depression rating"", the measurementTechnique could be ""Zung Scale"" or ""HAM-D"" or ""Beck Depression Inventory"". | [Sample] A technique or technology used in the collection or processing of the sample corresponding to the method used for measuring the corresponding variable(s) (described using variableMeasured). For example, if variableMeasured is cell density or cell counts, measurementTechnique could be:  ""centrifugation"" or ""flow cytometry"". | [DataCollection] A technique, method or technology used in the source data for the data collection corresponding to the method used for measuring the corresponding variable(s) (for the records in the data collection, described using variableMeasured; for Observation, a StatisticalVariable). For example, if variableMeasured is: molecule concentration, measurementTechnique could be: ""mass spectrometry"" or ""nmr spectroscopy"" or ""colorimetry"" or ""immunofluorescence"". If the variableMeasured is ""depression rating"", the measurementTechnique could be ""Zung Scale"" or ""HAM-D"" or ""Beck Depression Inventory"".","varies by type (4 wordings)","sampled example","2026-08-28",""
"ontology","/resources","src/components/metadata/components/buttons.tsx","42","EDAM","measurementTechnique.inDefinedTermSet from the NDE API","See EDAM taxonomy information.","template in src/components/metadata/helpers.ts (ontologyProps['aria-label'])","measurementTechnique.inDefinedTermSet === 'EDAM'","(not type-dependent)","measurementTechnique","Measurement Technique","[Dataset, ResourceCatalog] A technique or technology used in a  dataset corresponding to the method used for measuring the corresponding variable(s) (described using variableMeasured). For example, if variableMeasured is molecule concentration, measurementTechnique could be: ""mass spectrometry"" or ""nmr spectroscopy"" or ""colorimetry"" or ""immunofluorescence"". | [ComputationalTool] A technique, method or technology used in an Observation, StatisticalVariable or Dataset (or DataDownload, DataCatalog), corresponding to the method used for measuring the corresponding variable(s) (for datasets, described using variableMeasured; for Observation, a StatisticalVariable). For example, if variableMeasured is: molecule concentration, measurementTechnique could be: ""mass spectrometry"" or ""nmr spectroscopy"" or ""colorimetry"" or ""immunofluorescence"". If the variableMeasured is ""depression rating"", the measurementTechnique could be ""Zung Scale"" or ""HAM-D"" or ""Beck Depression Inventory"". | [Sample] A technique or technology used in the collection or processing of the sample corresponding to the method used for measuring the corresponding variable(s) (described using variableMeasured). For example, if variableMeasured is cell density or cell counts, measurementTechnique could be:  ""centrifugation"" or ""flow cytometry"". | [DataCollection] A technique, method or technology used in the source data for the data collection corresponding to the method used for measuring the corresponding variable(s) (for the records in the data collection, described using variableMeasured; for Observation, a StatisticalVariable). For example, if variableMeasured is: molecule concentration, measurementTechnique could be: ""mass spectrometry"" or ""nmr spectroscopy"" or ""colorimetry"" or ""immunofluorescence"". If the variableMeasured is ""depression rating"", the measurementTechnique could be ""Zung Scale"" or ""HAM-D"" or ""Beck Depression Inventory"".","varies by type (4 wordings)","sampled example","2026-08-28",""
"ontology","/search","src/components/metadata/components/buttons.tsx","42","EDAM","measurementTechnique.inDefinedTermSet from the NDE API","See EDAM taxonomy information.","template in src/components/metadata/helpers.ts (ontologyProps['aria-label'])","measurementTechnique.inDefinedTermSet === 'EDAM'","(not type-dependent)","measurementTechnique","Measurement Technique","[Dataset, ResourceCatalog] A technique or technology used in a  dataset corresponding to the method used for measuring the corresponding variable(s) (described using variableMeasured). For example, if variableMeasured is molecule concentration, measurementTechnique could be: ""mass spectrometry"" or ""nmr spectroscopy"" or ""colorimetry"" or ""immunofluorescence"". | [ComputationalTool] A technique, method or technology used in an Observation, StatisticalVariable or Dataset (or DataDownload, DataCatalog), corresponding to the method used for measuring the corresponding variable(s) (for datasets, described using variableMeasured; for Observation, a StatisticalVariable). For example, if variableMeasured is: molecule concentration, measurementTechnique could be: ""mass spectrometry"" or ""nmr spectroscopy"" or ""colorimetry"" or ""immunofluorescence"". If the variableMeasured is ""depression rating"", the measurementTechnique could be ""Zung Scale"" or ""HAM-D"" or ""Beck Depression Inventory"". | [Sample] A technique or technology used in the collection or processing of the sample corresponding to the method used for measuring the corresponding variable(s) (described using variableMeasured). For example, if variableMeasured is cell density or cell counts, measurementTechnique could be:  ""centrifugation"" or ""flow cytometry"". | [DataCollection] A technique, method or technology used in the source data for the data collection corresponding to the method used for measuring the corresponding variable(s) (for the records in the data collection, described using variableMeasured; for Observation, a StatisticalVariable). For example, if variableMeasured is: molecule concentration, measurementTechnique could be: ""mass spectrometry"" or ""nmr spectroscopy"" or ""colorimetry"" or ""immunofluorescence"". If the variableMeasured is ""depression rating"", the measurementTechnique could be ""Zung Scale"" or ""HAM-D"" or ""Beck Depression Inventory"".","varies by type (4 wordings)","sampled example","2026-08-28",""
"ontology","/resources","src/components/metadata/components/buttons.tsx","42","ENM","measurementTechnique.inDefinedTermSet from the NDE API","See ENM taxonomy information.","template in src/components/metadata/helpers.ts (ontologyProps['aria-label'])","measurementTechnique.inDefinedTermSet === 'ENM'","(not type-dependent)","measurementTechnique","Measurement Technique","[Dataset, ResourceCatalog] A technique or technology used in a  dataset corresponding to the method used for measuring the corresponding variable(s) (described using variableMeasured). For example, if variableMeasured is molecule concentration, measurementTechnique could be: ""mass spectrometry"" or ""nmr spectroscopy"" or ""colorimetry"" or ""immunofluorescence"". | [ComputationalTool] A technique, method or technology used in an Observation, StatisticalVariable or Dataset (or DataDownload, DataCatalog), corresponding to the method used for measuring the corresponding variable(s) (for datasets, described using variableMeasured; for Observation, a StatisticalVariable). For example, if variableMeasured is: molecule concentration, measurementTechnique could be: ""mass spectrometry"" or ""nmr spectroscopy"" or ""colorimetry"" or ""immunofluorescence"". If the variableMeasured is ""depression rating"", the measurementTechnique could be ""Zung Scale"" or ""HAM-D"" or ""Beck Depression Inventory"". | [Sample] A technique or technology used in the collection or processing of the sample corresponding to the method used for measuring the corresponding variable(s) (described using variableMeasured). For example, if variableMeasured is cell density or cell counts, measurementTechnique could be:  ""centrifugation"" or ""flow cytometry"". | [DataCollection] A technique, method or technology used in the source data for the data collection corresponding to the method used for measuring the corresponding variable(s) (for the records in the data collection, described using variableMeasured; for Observation, a StatisticalVariable). For example, if variableMeasured is: molecule concentration, measurementTechnique could be: ""mass spectrometry"" or ""nmr spectroscopy"" or ""colorimetry"" or ""immunofluorescence"". If the variableMeasured is ""depression rating"", the measurementTechnique could be ""Zung Scale"" or ""HAM-D"" or ""Beck Depression Inventory"".","varies by type (4 wordings)","sampled example","2026-08-28",""
"ontology","/search","src/components/metadata/components/buttons.tsx","42","ENM","measurementTechnique.inDefinedTermSet from the NDE API","See ENM taxonomy information.","template in src/components/metadata/helpers.ts (ontologyProps['aria-label'])","measurementTechnique.inDefinedTermSet === 'ENM'","(not type-dependent)","measurementTechnique","Measurement Technique","[Dataset, ResourceCatalog] A technique or technology used in a  dataset corresponding to the method used for measuring the corresponding variable(s) (described using variableMeasured). For example, if variableMeasured is molecule concentration, measurementTechnique could be: ""mass spectrometry"" or ""nmr spectroscopy"" or ""colorimetry"" or ""immunofluorescence"". | [ComputationalTool] A technique, method or technology used in an Observation, StatisticalVariable or Dataset (or DataDownload, DataCatalog), corresponding to the method used for measuring the corresponding variable(s) (for datasets, described using variableMeasured; for Observation, a StatisticalVariable). For example, if variableMeasured is: molecule concentration, measurementTechnique could be: ""mass spectrometry"" or ""nmr spectroscopy"" or ""colorimetry"" or ""immunofluorescence"". If the variableMeasured is ""depression rating"", the measurementTechnique could be ""Zung Scale"" or ""HAM-D"" or ""Beck Depression Inventory"". | [Sample] A technique or technology used in the collection or processing of the sample corresponding to the method used for measuring the corresponding variable(s) (described using variableMeasured). For example, if variableMeasured is cell density or cell counts, measurementTechnique could be:  ""centrifugation"" or ""flow cytometry"". | [DataCollection] A technique, method or technology used in the source data for the data collection corresponding to the method used for measuring the corresponding variable(s) (for the records in the data collection, described using variableMeasured; for Observation, a StatisticalVariable). For example, if variableMeasured is: molecule concentration, measurementTechnique could be: ""mass spectrometry"" or ""nmr spectroscopy"" or ""colorimetry"" or ""immunofluorescence"". If the variableMeasured is ""depression rating"", the measurementTechnique could be ""Zung Scale"" or ""HAM-D"" or ""Beck Depression Inventory"".","varies by type (4 wordings)","sampled example","2026-08-28",""
"ontology","/resources","src/components/metadata/components/buttons.tsx","42","ECO","measurementTechnique.inDefinedTermSet from the NDE API","See ECO taxonomy information.","template in src/components/metadata/helpers.ts (ontologyProps['aria-label'])","measurementTechnique.inDefinedTermSet === 'ECO'","(not type-dependent)","measurementTechnique","Measurement Technique","[Dataset, ResourceCatalog] A technique or technology used in a  dataset corresponding to the method used for measuring the corresponding variable(s) (described using variableMeasured). For example, if variableMeasured is molecule concentration, measurementTechnique could be: ""mass spectrometry"" or ""nmr spectroscopy"" or ""colorimetry"" or ""immunofluorescence"". | [ComputationalTool] A technique, method or technology used in an Observation, StatisticalVariable or Dataset (or DataDownload, DataCatalog), corresponding to the method used for measuring the corresponding variable(s) (for datasets, described using variableMeasured; for Observation, a StatisticalVariable). For example, if variableMeasured is: molecule concentration, measurementTechnique could be: ""mass spectrometry"" or ""nmr spectroscopy"" or ""colorimetry"" or ""immunofluorescence"". If the variableMeasured is ""depression rating"", the measurementTechnique could be ""Zung Scale"" or ""HAM-D"" or ""Beck Depression Inventory"". | [Sample] A technique or technology used in the collection or processing of the sample corresponding to the method used for measuring the corresponding variable(s) (described using variableMeasured). For example, if variableMeasured is cell density or cell counts, measurementTechnique could be:  ""centrifugation"" or ""flow cytometry"". | [DataCollection] A technique, method or technology used in the source data for the data collection corresponding to the method used for measuring the corresponding variable(s) (for the records in the data collection, described using variableMeasured; for Observation, a StatisticalVariable). For example, if variableMeasured is: molecule concentration, measurementTechnique could be: ""mass spectrometry"" or ""nmr spectroscopy"" or ""colorimetry"" or ""immunofluorescence"". If the variableMeasured is ""depression rating"", the measurementTechnique could be ""Zung Scale"" or ""HAM-D"" or ""Beck Depression Inventory"".","varies by type (4 wordings)","sampled example","2026-08-28",""
"ontology","/search","src/components/metadata/components/buttons.tsx","42","ECO","measurementTechnique.inDefinedTermSet from the NDE API","See ECO taxonomy information.","template in src/components/metadata/helpers.ts (ontologyProps['aria-label'])","measurementTechnique.inDefinedTermSet === 'ECO'","(not type-dependent)","measurementTechnique","Measurement Technique","[Dataset, ResourceCatalog] A technique or technology used in a  dataset corresponding to the method used for measuring the corresponding variable(s) (described using variableMeasured). For example, if variableMeasured is molecule concentration, measurementTechnique could be: ""mass spectrometry"" or ""nmr spectroscopy"" or ""colorimetry"" or ""immunofluorescence"". | [ComputationalTool] A technique, method or technology used in an Observation, StatisticalVariable or Dataset (or DataDownload, DataCatalog), corresponding to the method used for measuring the corresponding variable(s) (for datasets, described using variableMeasured; for Observation, a StatisticalVariable). For example, if variableMeasured is: molecule concentration, measurementTechnique could be: ""mass spectrometry"" or ""nmr spectroscopy"" or ""colorimetry"" or ""immunofluorescence"". If the variableMeasured is ""depression rating"", the measurementTechnique could be ""Zung Scale"" or ""HAM-D"" or ""Beck Depression Inventory"". | [Sample] A technique or technology used in the collection or processing of the sample corresponding to the method used for measuring the corresponding variable(s) (described using variableMeasured). For example, if variableMeasured is cell density or cell counts, measurementTechnique could be:  ""centrifugation"" or ""flow cytometry"". | [DataCollection] A technique, method or technology used in the source data for the data collection corresponding to the method used for measuring the corresponding variable(s) (for the records in the data collection, described using variableMeasured; for Observation, a StatisticalVariable). For example, if variableMeasured is: molecule concentration, measurementTechnique could be: ""mass spectrometry"" or ""nmr spectroscopy"" or ""colorimetry"" or ""immunofluorescence"". If the variableMeasured is ""depression rating"", the measurementTechnique could be ""Zung Scale"" or ""HAM-D"" or ""Beck Depression Inventory"".","varies by type (4 wordings)","sampled example","2026-08-28",""
"ontology","/resources","src/components/metadata/components/buttons.tsx","42","NGBO","measurementTechnique.inDefinedTermSet from the NDE API","See NGBO taxonomy information.","template in src/components/metadata/helpers.ts (ontologyProps['aria-label'])","measurementTechnique.inDefinedTermSet === 'NGBO'","(not type-dependent)","measurementTechnique","Measurement Technique","[Dataset, ResourceCatalog] A technique or technology used in a  dataset corresponding to the method used for measuring the corresponding variable(s) (described using variableMeasured). For example, if variableMeasured is molecule concentration, measurementTechnique could be: ""mass spectrometry"" or ""nmr spectroscopy"" or ""colorimetry"" or ""immunofluorescence"". | [ComputationalTool] A technique, method or technology used in an Observation, StatisticalVariable or Dataset (or DataDownload, DataCatalog), corresponding to the method used for measuring the corresponding variable(s) (for datasets, described using variableMeasured; for Observation, a StatisticalVariable). For example, if variableMeasured is: molecule concentration, measurementTechnique could be: ""mass spectrometry"" or ""nmr spectroscopy"" or ""colorimetry"" or ""immunofluorescence"". If the variableMeasured is ""depression rating"", the measurementTechnique could be ""Zung Scale"" or ""HAM-D"" or ""Beck Depression Inventory"". | [Sample] A technique or technology used in the collection or processing of the sample corresponding to the method used for measuring the corresponding variable(s) (described using variableMeasured). For example, if variableMeasured is cell density or cell counts, measurementTechnique could be:  ""centrifugation"" or ""flow cytometry"". | [DataCollection] A technique, method or technology used in the source data for the data collection corresponding to the method used for measuring the corresponding variable(s) (for the records in the data collection, described using variableMeasured; for Observation, a StatisticalVariable). For example, if variableMeasured is: molecule concentration, measurementTechnique could be: ""mass spectrometry"" or ""nmr spectroscopy"" or ""colorimetry"" or ""immunofluorescence"". If the variableMeasured is ""depression rating"", the measurementTechnique could be ""Zung Scale"" or ""HAM-D"" or ""Beck Depression Inventory"".","varies by type (4 wordings)","sampled example","2026-08-28",""
"ontology","/search","src/components/metadata/components/buttons.tsx","42","NGBO","measurementTechnique.inDefinedTermSet from the NDE API","See NGBO taxonomy information.","template in src/components/metadata/helpers.ts (ontologyProps['aria-label'])","measurementTechnique.inDefinedTermSet === 'NGBO'","(not type-dependent)","measurementTechnique","Measurement Technique","[Dataset, ResourceCatalog] A technique or technology used in a  dataset corresponding to the method used for measuring the corresponding variable(s) (described using variableMeasured). For example, if variableMeasured is molecule concentration, measurementTechnique could be: ""mass spectrometry"" or ""nmr spectroscopy"" or ""colorimetry"" or ""immunofluorescence"". | [ComputationalTool] A technique, method or technology used in an Observation, StatisticalVariable or Dataset (or DataDownload, DataCatalog), corresponding to the method used for measuring the corresponding variable(s) (for datasets, described using variableMeasured; for Observation, a StatisticalVariable). For example, if variableMeasured is: molecule concentration, measurementTechnique could be: ""mass spectrometry"" or ""nmr spectroscopy"" or ""colorimetry"" or ""immunofluorescence"". If the variableMeasured is ""depression rating"", the measurementTechnique could be ""Zung Scale"" or ""HAM-D"" or ""Beck Depression Inventory"". | [Sample] A technique or technology used in the collection or processing of the sample corresponding to the method used for measuring the corresponding variable(s) (described using variableMeasured). For example, if variableMeasured is cell density or cell counts, measurementTechnique could be:  ""centrifugation"" or ""flow cytometry"". | [DataCollection] A technique, method or technology used in the source data for the data collection corresponding to the method used for measuring the corresponding variable(s) (for the records in the data collection, described using variableMeasured; for Observation, a StatisticalVariable). For example, if variableMeasured is: molecule concentration, measurementTechnique could be: ""mass spectrometry"" or ""nmr spectroscopy"" or ""colorimetry"" or ""immunofluorescence"". If the variableMeasured is ""depression rating"", the measurementTechnique could be ""Zung Scale"" or ""HAM-D"" or ""Beck Depression Inventory"".","varies by type (4 wordings)","sampled example","2026-08-28",""
"ontology","/resources","src/components/metadata/components/buttons.tsx","42","(+8 more ontologies not listed - 18 seen in the sample)","measurementTechnique.inDefinedTermSet from the NDE API","(+8 more - one per ontology, same template)","summary row","other measurementTechnique.inDefinedTermSet values","(not type-dependent)","measurementTechnique","Measurement Technique","[Dataset, ResourceCatalog] A technique or technology used in a  dataset corresponding to the method used for measuring the corresponding variable(s) (described using variableMeasured). For example, if variableMeasured is molecule concentration, measurementTechnique could be: ""mass spectrometry"" or ""nmr spectroscopy"" or ""colorimetry"" or ""immunofluorescence"". | [ComputationalTool] A technique, method or technology used in an Observation, StatisticalVariable or Dataset (or DataDownload, DataCatalog), corresponding to the method used for measuring the corresponding variable(s) (for datasets, described using variableMeasured; for Observation, a StatisticalVariable). For example, if variableMeasured is: molecule concentration, measurementTechnique could be: ""mass spectrometry"" or ""nmr spectroscopy"" or ""colorimetry"" or ""immunofluorescence"". If the variableMeasured is ""depression rating"", the measurementTechnique could be ""Zung Scale"" or ""HAM-D"" or ""Beck Depression Inventory"". | [Sample] A technique or technology used in the collection or processing of the sample corresponding to the method used for measuring the corresponding variable(s) (described using variableMeasured). For example, if variableMeasured is cell density or cell counts, measurementTechnique could be:  ""centrifugation"" or ""flow cytometry"". | [DataCollection] A technique, method or technology used in the source data for the data collection corresponding to the method used for measuring the corresponding variable(s) (for the records in the data collection, described using variableMeasured; for Observation, a StatisticalVariable). For example, if variableMeasured is: molecule concentration, measurementTechnique could be: ""mass spectrometry"" or ""nmr spectroscopy"" or ""colorimetry"" or ""immunofluorescence"". If the variableMeasured is ""depression rating"", the measurementTechnique could be ""Zung Scale"" or ""HAM-D"" or ""Beck Depression Inventory"".","varies by type (4 wordings)","summary","2026-08-28",""
"ontology","/search","src/components/metadata/components/buttons.tsx","42","(+8 more ontologies not listed - 18 seen in the sample)","measurementTechnique.inDefinedTermSet from the NDE API","(+8 more - one per ontology, same template)","summary row","other measurementTechnique.inDefinedTermSet values","(not type-dependent)","measurementTechnique","Measurement Technique","[Dataset, ResourceCatalog] A technique or technology used in a  dataset corresponding to the method used for measuring the corresponding variable(s) (described using variableMeasured). For example, if variableMeasured is molecule concentration, measurementTechnique could be: ""mass spectrometry"" or ""nmr spectroscopy"" or ""colorimetry"" or ""immunofluorescence"". | [ComputationalTool] A technique, method or technology used in an Observation, StatisticalVariable or Dataset (or DataDownload, DataCatalog), corresponding to the method used for measuring the corresponding variable(s) (for datasets, described using variableMeasured; for Observation, a StatisticalVariable). For example, if variableMeasured is: molecule concentration, measurementTechnique could be: ""mass spectrometry"" or ""nmr spectroscopy"" or ""colorimetry"" or ""immunofluorescence"". If the variableMeasured is ""depression rating"", the measurementTechnique could be ""Zung Scale"" or ""HAM-D"" or ""Beck Depression Inventory"". | [Sample] A technique or technology used in the collection or processing of the sample corresponding to the method used for measuring the corresponding variable(s) (described using variableMeasured). For example, if variableMeasured is cell density or cell counts, measurementTechnique could be:  ""centrifugation"" or ""flow cytometry"". | [DataCollection] A technique, method or technology used in the source data for the data collection corresponding to the method used for measuring the corresponding variable(s) (for the records in the data collection, described using variableMeasured; for Observation, a StatisticalVariable). For example, if variableMeasured is: molecule concentration, measurementTechnique could be: ""mass spectrometry"" or ""nmr spectroscopy"" or ""colorimetry"" or ""immunofluorescence"". If the variableMeasured is ""depression rating"", the measurementTechnique could be ""Zung Scale"" or ""HAM-D"" or ""Beck Depression Inventory"".","varies by type (4 wordings)","summary","2026-08-28",""
"ontology","/resources","src/components/metadata/components/buttons.tsx","42","EDAM","topicCategory.inDefinedTermSet from the NDE API","See EDAM taxonomy information.","template in src/components/metadata/helpers.ts (ontologyProps['aria-label'])","topicCategory.inDefinedTermSet === 'EDAM'","(not type-dependent)","topicCategory","Topic Category","[Dataset, ComputationalTool, ResourceCatalog, Sample] Topic of the work. This topic may be assigned by a human curator or through automated algorithms. | [DataCollection] Topic of the records in the data collection. This topic may be assigned by a human curator or through automated algorithms.","varies by type (2 wordings)","sampled example","2026-08-28",""
"ontology","/search","src/components/metadata/components/buttons.tsx","42","EDAM","topicCategory.inDefinedTermSet from the NDE API","See EDAM taxonomy information.","template in src/components/metadata/helpers.ts (ontologyProps['aria-label'])","topicCategory.inDefinedTermSet === 'EDAM'","(not type-dependent)","topicCategory","Topic Category","[Dataset, ComputationalTool, ResourceCatalog, Sample] Topic of the work. This topic may be assigned by a human curator or through automated algorithms. | [DataCollection] Topic of the records in the data collection. This topic may be assigned by a human curator or through automated algorithms.","varies by type (2 wordings)","sampled example","2026-08-28",""
